{
  "testId" : "1-manage-contact-information",
  "name" : "Manage Contact Information",
  "report" : {
    "nodes" : [ {
      "name" : "Check layout: D:/PixelPerfect/VCM_backup/Customer Management Module/Retesting/Manage Contact Information/Customer_Management_Screen1.gspec included tags: desktop",
      "status" : "error",
      "time" : 1587015489068,
      "includedTags" : [ "desktop" ],
      "sections" : [ {
        "name" : "=Customer Management Module Screen 1=",
        "place" : {
          "filePath" : "D:/PixelPerfect/VCM_backup/Customer Management Module/Retesting/Manage Contact Information/Customer_Management_Screen1.gspec",
          "lineNumber" : 22
        },
        "objects" : [ {
          "name" : "Profile_Breadcrum",
          "specs" : [ {
            "status" : "info",
            "place" : {
              "filePath" : "D:/PixelPerfect/VCM_backup/Customer Management Module/Retesting/Manage Contact Information/Customer_Management_Screen1.gspec",
              "lineNumber" : 24
            },
            "name" : "text is \"Profile\"",
            "highlight" : [ "Profile_Breadcrum" ]
          }, {
            "status" : "info",
            "place" : {
              "filePath" : "D:/PixelPerfect/VCM_backup/Customer Management Module/Retesting/Manage Contact Information/Customer_Management_Screen1.gspec",
              "lineNumber" : 25
            },
            "name" : "aligned vertically left Logo",
            "highlight" : [ "Profile_Breadcrum", "Logo" ]
          }, {
            "status" : "info",
            "place" : {
              "filePath" : "D:/PixelPerfect/VCM_backup/Customer Management Module/Retesting/Manage Contact Information/Customer_Management_Screen1.gspec",
              "lineNumber" : 27
            },
            "name" : "css text-decoration is \"underline solid rgb(0, 74, 152)\"",
            "highlight" : [ "Profile_Breadcrum" ]
          } ]
        }, {
          "name" : "Basic_Info_Breadcrum",
          "specs" : [ {
            "status" : "info",
            "place" : {
              "filePath" : "D:/PixelPerfect/VCM_backup/Customer Management Module/Retesting/Manage Contact Information/Customer_Management_Screen1.gspec",
              "lineNumber" : 30
            },
            "name" : "css text-decoration is \"underline solid rgb(0, 74, 152)\"",
            "highlight" : [ "Basic_Info_Breadcrum" ]
          }, {
            "status" : "info",
            "place" : {
              "filePath" : "D:/PixelPerfect/VCM_backup/Customer Management Module/Retesting/Manage Contact Information/Customer_Management_Screen1.gspec",
              "lineNumber" : 31
            },
            "name" : "text is \"Basic Information\"",
            "highlight" : [ "Basic_Info_Breadcrum" ]
          }, {
            "status" : "info",
            "place" : {
              "filePath" : "D:/PixelPerfect/VCM_backup/Customer Management Module/Retesting/Manage Contact Information/Customer_Management_Screen1.gspec",
              "lineNumber" : 32
            },
            "name" : "css color is \"rgba(0, 74, 152, 1)\"",
            "highlight" : [ "Basic_Info_Breadcrum" ]
          }, {
            "status" : "info",
            "place" : {
              "filePath" : "D:/PixelPerfect/VCM_backup/Customer Management Module/Retesting/Manage Contact Information/Customer_Management_Screen1.gspec",
              "lineNumber" : 33
            },
            "name" : "aligned horizontally all Profile_Breadcrum",
            "highlight" : [ "Basic_Info_Breadcrum", "Profile_Breadcrum" ]
          } ]
        }, {
          "name" : "Manage_Contact_Info_Breadcrum",
          "specs" : [ {
            "status" : "info",
            "place" : {
              "filePath" : "D:/PixelPerfect/VCM_backup/Customer Management Module/Retesting/Manage Contact Information/Customer_Management_Screen1.gspec",
              "lineNumber" : 36
            },
            "name" : "css line-height is \"20px\"",
            "highlight" : [ "Manage_Contact_Info_Breadcrum" ]
          }, {
            "status" : "info",
            "place" : {
              "filePath" : "D:/PixelPerfect/VCM_backup/Customer Management Module/Retesting/Manage Contact Information/Customer_Management_Screen1.gspec",
              "lineNumber" : 37
            },
            "name" : "text is \"Manage Contact Information\"",
            "highlight" : [ "Manage_Contact_Info_Breadcrum" ]
          }, {
            "status" : "info",
            "place" : {
              "filePath" : "D:/PixelPerfect/VCM_backup/Customer Management Module/Retesting/Manage Contact Information/Customer_Management_Screen1.gspec",
              "lineNumber" : 38
            },
            "name" : "css color is \"rgba(86, 86, 90, 1)\"",
            "highlight" : [ "Manage_Contact_Info_Breadcrum" ]
          }, {
            "status" : "info",
            "place" : {
              "filePath" : "D:/PixelPerfect/VCM_backup/Customer Management Module/Retesting/Manage Contact Information/Customer_Management_Screen1.gspec",
              "lineNumber" : 39
            },
            "name" : "aligned horizontally all Basic_Info_Breadcrum",
            "highlight" : [ "Manage_Contact_Info_Breadcrum", "Basic_Info_Breadcrum" ]
          } ]
        }, {
          "name" : "Manage_Contact_Info_Title",
          "specs" : [ {
            "status" : "info",
            "place" : {
              "filePath" : "D:/PixelPerfect/VCM_backup/Customer Management Module/Retesting/Manage Contact Information/Customer_Management_Screen1.gspec",
              "lineNumber" : 42
            },
            "name" : "text is \"Manage Contact Information\"",
            "highlight" : [ "Manage_Contact_Info_Title" ]
          }, {
            "status" : "info",
            "place" : {
              "filePath" : "D:/PixelPerfect/VCM_backup/Customer Management Module/Retesting/Manage Contact Information/Customer_Management_Screen1.gspec",
              "lineNumber" : 43
            },
            "name" : "css color is \"rgba(72, 109, 144, 1)\"",
            "highlight" : [ "Manage_Contact_Info_Title" ]
          }, {
            "status" : "info",
            "place" : {
              "filePath" : "D:/PixelPerfect/VCM_backup/Customer Management Module/Retesting/Manage Contact Information/Customer_Management_Screen1.gspec",
              "lineNumber" : 45
            },
            "name" : "css font-size is \"30px\"",
            "highlight" : [ "Manage_Contact_Info_Title" ]
          }, {
            "status" : "info",
            "place" : {
              "filePath" : "D:/PixelPerfect/VCM_backup/Customer Management Module/Retesting/Manage Contact Information/Customer_Management_Screen1.gspec",
              "lineNumber" : 46
            },
            "name" : "css font-family contains \"yorkten-slab-normal\"",
            "highlight" : [ "Manage_Contact_Info_Title" ]
          }, {
            "status" : "info",
            "place" : {
              "filePath" : "D:/PixelPerfect/VCM_backup/Customer Management Module/Retesting/Manage Contact Information/Customer_Management_Screen1.gspec",
              "lineNumber" : 47
            },
            "name" : "css line-height is \"36px\"",
            "highlight" : [ "Manage_Contact_Info_Title" ]
          }, {
            "status" : "info",
            "place" : {
              "filePath" : "D:/PixelPerfect/VCM_backup/Customer Management Module/Retesting/Manage Contact Information/Customer_Management_Screen1.gspec",
              "lineNumber" : 48
            },
            "name" : "css font-weight is \"800\"",
            "highlight" : [ "Manage_Contact_Info_Title" ]
          }, {
            "status" : "info",
            "place" : {
              "filePath" : "D:/PixelPerfect/VCM_backup/Customer Management Module/Retesting/Manage Contact Information/Customer_Management_Screen1.gspec",
              "lineNumber" : 49
            },
            "name" : "css text-align is \"left\"",
            "highlight" : [ "Manage_Contact_Info_Title" ]
          }, {
            "status" : "info",
            "place" : {
              "filePath" : "D:/PixelPerfect/VCM_backup/Customer Management Module/Retesting/Manage Contact Information/Customer_Management_Screen1.gspec",
              "lineNumber" : 50
            },
            "name" : "aligned vertically left Profile_Breadcrum",
            "highlight" : [ "Manage_Contact_Info_Title", "Profile_Breadcrum" ]
          }, {
            "status" : "info",
            "place" : {
              "filePath" : "D:/PixelPerfect/VCM_backup/Customer Management Module/Retesting/Manage Contact Information/Customer_Management_Screen1.gspec",
              "lineNumber" : 52
            },
            "name" : "css border-bottom is \"2px solid rgb(139, 193, 5)\"",
            "highlight" : [ "Manage_Contact_Info_Title" ]
          } ]
        }, {
          "name" : "Manage_Contact_Info_Add_Icon",
          "specs" : [ {
            "status" : "error",
            "place" : {
              "filePath" : "D:/PixelPerfect/VCM_backup/Customer Management Module/Retesting/Manage Contact Information/Customer_Management_Screen1.gspec",
              "lineNumber" : 56
            },
            "name" : "below Profile_Breadcrum 53px",
            "errors" : [ "\"Manage_Contact_Info_Add_Icon\" is 49px below \"Profile_Breadcrum\" instead of 53px" ],
            "meta" : [ {
              "from" : {
                "object" : "Manage_Contact_Info_Add_Icon",
                "edge" : "top"
              },
              "to" : {
                "object" : "Profile_Breadcrum",
                "edge" : "bottom"
              },
              "expectedDistance" : "53px",
              "realDistance" : "49px"
            } ],
            "highlight" : [ "Manage_Contact_Info_Add_Icon", "Profile_Breadcrum" ]
          }, {
            "status" : "error",
            "place" : {
              "filePath" : "D:/PixelPerfect/VCM_backup/Customer Management Module/Retesting/Manage Contact Information/Customer_Management_Screen1.gspec",
              "lineNumber" : 57
            },
            "name" : "width 20px",
            "errors" : [ "\"Manage_Contact_Info_Add_Icon\" width is 13px instead of 20px" ],
            "meta" : [ {
              "from" : {
                "object" : "Manage_Contact_Info_Add_Icon",
                "edge" : "left"
              },
              "to" : {
                "object" : "Manage_Contact_Info_Add_Icon",
                "edge" : "right"
              },
              "expectedDistance" : "20px",
              "realDistance" : "13px"
            } ],
            "highlight" : [ "Manage_Contact_Info_Add_Icon" ]
          }, {
            "status" : "error",
            "place" : {
              "filePath" : "D:/PixelPerfect/VCM_backup/Customer Management Module/Retesting/Manage Contact Information/Customer_Management_Screen1.gspec",
              "lineNumber" : 58
            },
            "name" : "height 20px",
            "errors" : [ "\"Manage_Contact_Info_Add_Icon\" height is 13px instead of 20px" ],
            "meta" : [ {
              "from" : {
                "object" : "Manage_Contact_Info_Add_Icon",
                "edge" : "top"
              },
              "to" : {
                "object" : "Manage_Contact_Info_Add_Icon",
                "edge" : "bottom"
              },
              "expectedDistance" : "20px",
              "realDistance" : "13px"
            } ],
            "highlight" : [ "Manage_Contact_Info_Add_Icon" ]
          } ]
        }, {
          "name" : "Manage_Contact_Info_Add_Text",
          "specs" : [ {
            "status" : "info",
            "place" : {
              "filePath" : "D:/PixelPerfect/VCM_backup/Customer Management Module/Retesting/Manage Contact Information/Customer_Management_Screen1.gspec",
              "lineNumber" : 61
            },
            "name" : "text is \"Add\"",
            "highlight" : [ "Manage_Contact_Info_Add_Text" ]
          }, {
            "status" : "info",
            "place" : {
              "filePath" : "D:/PixelPerfect/VCM_backup/Customer Management Module/Retesting/Manage Contact Information/Customer_Management_Screen1.gspec",
              "lineNumber" : 62
            },
            "name" : "css color is \"rgba(0, 74, 152, 1)\"",
            "highlight" : [ "Manage_Contact_Info_Add_Text" ]
          }, {
            "status" : "info",
            "place" : {
              "filePath" : "D:/PixelPerfect/VCM_backup/Customer Management Module/Retesting/Manage Contact Information/Customer_Management_Screen1.gspec",
              "lineNumber" : 64
            },
            "name" : "css font-size is \"16px\"",
            "highlight" : [ "Manage_Contact_Info_Add_Text" ]
          }, {
            "status" : "info",
            "place" : {
              "filePath" : "D:/PixelPerfect/VCM_backup/Customer Management Module/Retesting/Manage Contact Information/Customer_Management_Screen1.gspec",
              "lineNumber" : 65
            },
            "name" : "css font-family contains \"yorkten-slab-normal\"",
            "highlight" : [ "Manage_Contact_Info_Add_Text" ]
          }, {
            "status" : "error",
            "place" : {
              "filePath" : "D:/PixelPerfect/VCM_backup/Customer Management Module/Retesting/Manage Contact Information/Customer_Management_Screen1.gspec",
              "lineNumber" : 66
            },
            "name" : "css line-height is \"20px\"",
            "errors" : [ "\"Manage_Contact_Info_Add_Text\" css property \"line-height\" is \"24px\" but should be \"20px\"" ],
            "highlight" : [ "Manage_Contact_Info_Add_Text" ]
          }, {
            "status" : "error",
            "place" : {
              "filePath" : "D:/PixelPerfect/VCM_backup/Customer Management Module/Retesting/Manage Contact Information/Customer_Management_Screen1.gspec",
              "lineNumber" : 71
            },
            "name" : "css text-transform is \"Titlecase\"",
            "errors" : [ "\"Manage_Contact_Info_Add_Text\" css property \"text-transform\" is \"none\" but should be \"Titlecase\"" ],
            "highlight" : [ "Manage_Contact_Info_Add_Text" ]
          } ]
        }, {
          "name" : "Diplomatic_Post_Office_Wrapper",
          "specs" : [ {
            "status" : "info",
            "place" : {
              "filePath" : "D:/PixelPerfect/VCM_backup/Customer Management Module/Retesting/Manage Contact Information/Customer_Management_Screen1.gspec",
              "lineNumber" : 74
            },
            "name" : "css background-color is \"rgba(255, 255, 255, 1)\"",
            "highlight" : [ "Diplomatic_Post_Office_Wrapper" ]
          }, {
            "status" : "error",
            "place" : {
              "filePath" : "D:/PixelPerfect/VCM_backup/Customer Management Module/Retesting/Manage Contact Information/Customer_Management_Screen1.gspec",
              "lineNumber" : 75
            },
            "name" : "css border is \"1px solid rgba(210, 210, 210, 1)\"",
            "errors" : [ "\"Diplomatic_Post_Office_Wrapper\" css property \"border\" is \"1px solid rgba(112, 112, 112, 0.1)\" but should be \"1px solid rgba(210, 210, 210, 1)\"" ],
            "highlight" : [ "Diplomatic_Post_Office_Wrapper" ]
          }, {
            "status" : "error",
            "place" : {
              "filePath" : "D:/PixelPerfect/VCM_backup/Customer Management Module/Retesting/Manage Contact Information/Customer_Management_Screen1.gspec",
              "lineNumber" : 76
            },
            "name" : "aligned vertically left Manage_Contact_Info_Title",
            "errors" : [ "\"Manage_Contact_Info_Title\" is not aligned vertically left with \"Diplomatic_Post_Office_Wrapper\". Offset is 15px" ],
            "highlight" : [ "Diplomatic_Post_Office_Wrapper", "Manage_Contact_Info_Title" ]
          }, {
            "status" : "error",
            "place" : {
              "filePath" : "D:/PixelPerfect/VCM_backup/Customer Management Module/Retesting/Manage Contact Information/Customer_Management_Screen1.gspec",
              "lineNumber" : 77
            },
            "name" : "below Manage_Contact_Info_Title 40px",
            "errors" : [ "\"Diplomatic_Post_Office_Wrapper\" is 45px below \"Manage_Contact_Info_Title\" instead of 40px" ],
            "meta" : [ {
              "from" : {
                "object" : "Diplomatic_Post_Office_Wrapper",
                "edge" : "top"
              },
              "to" : {
                "object" : "Manage_Contact_Info_Title",
                "edge" : "bottom"
              },
              "expectedDistance" : "40px",
              "realDistance" : "45px"
            } ],
            "highlight" : [ "Diplomatic_Post_Office_Wrapper", "Manage_Contact_Info_Title" ]
          }, {
            "status" : "info",
            "place" : {
              "filePath" : "D:/PixelPerfect/VCM_backup/Customer Management Module/Retesting/Manage Contact Information/Customer_Management_Screen1.gspec",
              "lineNumber" : 78
            },
            "name" : "width 350px",
            "meta" : [ {
              "from" : {
                "object" : "Diplomatic_Post_Office_Wrapper",
                "edge" : "left"
              },
              "to" : {
                "object" : "Diplomatic_Post_Office_Wrapper",
                "edge" : "right"
              },
              "expectedDistance" : "350px",
              "realDistance" : "350px"
            } ],
            "highlight" : [ "Diplomatic_Post_Office_Wrapper" ]
          }, {
            "status" : "error",
            "place" : {
              "filePath" : "D:/PixelPerfect/VCM_backup/Customer Management Module/Retesting/Manage Contact Information/Customer_Management_Screen1.gspec",
              "lineNumber" : 79
            },
            "name" : "height 251px",
            "errors" : [ "\"Diplomatic_Post_Office_Wrapper\" height is 223px instead of 251px" ],
            "meta" : [ {
              "from" : {
                "object" : "Diplomatic_Post_Office_Wrapper",
                "edge" : "top"
              },
              "to" : {
                "object" : "Diplomatic_Post_Office_Wrapper",
                "edge" : "bottom"
              },
              "expectedDistance" : "251px",
              "realDistance" : "223px"
            } ],
            "highlight" : [ "Diplomatic_Post_Office_Wrapper" ]
          } ]
        }, {
          "name" : "Diplomatic_Post_Office_Text",
          "specs" : [ {
            "status" : "info",
            "place" : {
              "filePath" : "D:/PixelPerfect/VCM_backup/Customer Management Module/Retesting/Manage Contact Information/Customer_Management_Screen1.gspec",
              "lineNumber" : 82
            },
            "name" : "text is \"Diplomatic Post Office\"",
            "highlight" : [ "Diplomatic_Post_Office_Text" ]
          }, {
            "status" : "error",
            "place" : {
              "filePath" : "D:/PixelPerfect/VCM_backup/Customer Management Module/Retesting/Manage Contact Information/Customer_Management_Screen1.gspec",
              "lineNumber" : 83
            },
            "name" : "css color is \"rgba(73, 73, 74, 1)\"",
            "errors" : [ "\"Diplomatic_Post_Office_Text\" css property \"color\" is \"rgba(86, 86, 90, 1)\" but should be \"rgba(73, 73, 74, 1)\"" ],
            "highlight" : [ "Diplomatic_Post_Office_Text" ]
          }, {
            "status" : "error",
            "place" : {
              "filePath" : "D:/PixelPerfect/VCM_backup/Customer Management Module/Retesting/Manage Contact Information/Customer_Management_Screen1.gspec",
              "lineNumber" : 85
            },
            "name" : "css font-size is \"18px\"",
            "errors" : [ "\"Diplomatic_Post_Office_Text\" css property \"font-size\" is \"16px\" but should be \"18px\"" ],
            "highlight" : [ "Diplomatic_Post_Office_Text" ]
          }, {
            "status" : "error",
            "place" : {
              "filePath" : "D:/PixelPerfect/VCM_backup/Customer Management Module/Retesting/Manage Contact Information/Customer_Management_Screen1.gspec",
              "lineNumber" : 87
            },
            "name" : "css line-height is \"22px\"",
            "errors" : [ "\"Diplomatic_Post_Office_Text\" css property \"line-height\" is \"24px\" but should be \"22px\"" ],
            "highlight" : [ "Diplomatic_Post_Office_Text" ]
          }, {
            "status" : "error",
            "place" : {
              "filePath" : "D:/PixelPerfect/VCM_backup/Customer Management Module/Retesting/Manage Contact Information/Customer_Management_Screen1.gspec",
              "lineNumber" : 88
            },
            "name" : "css font-weight is \"800\"",
            "errors" : [ "\"Diplomatic_Post_Office_Text\" css property \"font-weight\" is \"900\" but should be \"800\"" ],
            "highlight" : [ "Diplomatic_Post_Office_Text" ]
          }, {
            "status" : "info",
            "place" : {
              "filePath" : "D:/PixelPerfect/VCM_backup/Customer Management Module/Retesting/Manage Contact Information/Customer_Management_Screen1.gspec",
              "lineNumber" : 89
            },
            "name" : "css text-align is \"left\"",
            "highlight" : [ "Diplomatic_Post_Office_Text" ]
          }, {
            "status" : "error",
            "place" : {
              "filePath" : "D:/PixelPerfect/VCM_backup/Customer Management Module/Retesting/Manage Contact Information/Customer_Management_Screen1.gspec",
              "lineNumber" : 90
            },
            "name" : "inside Diplomatic_Post_Office_Wrapper 30px top, 30px left",
            "errors" : [ "\"Diplomatic_Post_Office_Text\" is 21px top instead of 30px and 23px left instead of 30px" ],
            "meta" : [ {
              "from" : {
                "object" : "Diplomatic_Post_Office_Text",
                "edge" : "top"
              },
              "to" : {
                "object" : "Diplomatic_Post_Office_Wrapper",
                "edge" : "top"
              },
              "expectedDistance" : "30px",
              "realDistance" : "21px"
            }, {
              "from" : {
                "object" : "Diplomatic_Post_Office_Text",
                "edge" : "left"
              },
              "to" : {
                "object" : "Diplomatic_Post_Office_Wrapper",
                "edge" : "left"
              },
              "expectedDistance" : "30px",
              "realDistance" : "23px"
            } ],
            "highlight" : [ "Diplomatic_Post_Office_Text", "Diplomatic_Post_Office_Wrapper" ]
          } ]
        }, {
          "name" : "Diplomatic_Post_Office_Icon",
          "specs" : [ {
            "status" : "error",
            "place" : {
              "filePath" : "D:/PixelPerfect/VCM_backup/Customer Management Module/Retesting/Manage Contact Information/Customer_Management_Screen1.gspec",
              "lineNumber" : 93
            },
            "name" : "width 5px",
            "errors" : [ "\"Diplomatic_Post_Office_Icon\" width is 7px instead of 5px" ],
            "meta" : [ {
              "from" : {
                "object" : "Diplomatic_Post_Office_Icon",
                "edge" : "left"
              },
              "to" : {
                "object" : "Diplomatic_Post_Office_Icon",
                "edge" : "right"
              },
              "expectedDistance" : "5px",
              "realDistance" : "7px"
            } ],
            "highlight" : [ "Diplomatic_Post_Office_Icon" ]
          }, {
            "status" : "info",
            "place" : {
              "filePath" : "D:/PixelPerfect/VCM_backup/Customer Management Module/Retesting/Manage Contact Information/Customer_Management_Screen1.gspec",
              "lineNumber" : 94
            },
            "name" : "height 19px",
            "meta" : [ {
              "from" : {
                "object" : "Diplomatic_Post_Office_Icon",
                "edge" : "top"
              },
              "to" : {
                "object" : "Diplomatic_Post_Office_Icon",
                "edge" : "bottom"
              },
              "expectedDistance" : "19px",
              "realDistance" : "19px"
            } ],
            "highlight" : [ "Diplomatic_Post_Office_Icon" ]
          }, {
            "status" : "error",
            "place" : {
              "filePath" : "D:/PixelPerfect/VCM_backup/Customer Management Module/Retesting/Manage Contact Information/Customer_Management_Screen1.gspec",
              "lineNumber" : 95
            },
            "name" : "inside Diplomatic_Post_Office_Wrapper 30px top, 30px right",
            "errors" : [ "\"Diplomatic_Post_Office_Icon\" is 20px top instead of 30px and 18px right instead of 30px" ],
            "meta" : [ {
              "from" : {
                "object" : "Diplomatic_Post_Office_Icon",
                "edge" : "top"
              },
              "to" : {
                "object" : "Diplomatic_Post_Office_Wrapper",
                "edge" : "top"
              },
              "expectedDistance" : "30px",
              "realDistance" : "20px"
            }, {
              "from" : {
                "object" : "Diplomatic_Post_Office_Icon",
                "edge" : "right"
              },
              "to" : {
                "object" : "Diplomatic_Post_Office_Wrapper",
                "edge" : "right"
              },
              "expectedDistance" : "30px",
              "realDistance" : "18px"
            } ],
            "highlight" : [ "Diplomatic_Post_Office_Icon", "Diplomatic_Post_Office_Wrapper" ]
          } ]
        }, {
          "name" : "Diplomatic_Post_Office_Address",
          "specs" : [ {
            "status" : "info",
            "place" : {
              "filePath" : "D:/PixelPerfect/VCM_backup/Customer Management Module/Retesting/Manage Contact Information/Customer_Management_Screen1.gspec",
              "lineNumber" : 100
            },
            "name" : "css font-size is \"16px\"",
            "highlight" : [ "Diplomatic_Post_Office_Address" ]
          }, {
            "status" : "info",
            "place" : {
              "filePath" : "D:/PixelPerfect/VCM_backup/Customer Management Module/Retesting/Manage Contact Information/Customer_Management_Screen1.gspec",
              "lineNumber" : 101
            },
            "name" : "css font-family contains \"benton-sans\"",
            "highlight" : [ "Diplomatic_Post_Office_Address" ]
          }, {
            "status" : "info",
            "place" : {
              "filePath" : "D:/PixelPerfect/VCM_backup/Customer Management Module/Retesting/Manage Contact Information/Customer_Management_Screen1.gspec",
              "lineNumber" : 102
            },
            "name" : "css line-height is \"24px\"",
            "highlight" : [ "Diplomatic_Post_Office_Address" ]
          }, {
            "status" : "error",
            "place" : {
              "filePath" : "D:/PixelPerfect/VCM_backup/Customer Management Module/Retesting/Manage Contact Information/Customer_Management_Screen1.gspec",
              "lineNumber" : 103
            },
            "name" : "css font-weight is \"500\"",
            "errors" : [ "\"Diplomatic_Post_Office_Address\" css property \"font-weight\" is \"400\" but should be \"500\"" ],
            "highlight" : [ "Diplomatic_Post_Office_Address" ]
          }, {
            "status" : "info",
            "place" : {
              "filePath" : "D:/PixelPerfect/VCM_backup/Customer Management Module/Retesting/Manage Contact Information/Customer_Management_Screen1.gspec",
              "lineNumber" : 104
            },
            "name" : "css text-align is \"left\"",
            "highlight" : [ "Diplomatic_Post_Office_Address" ]
          }, {
            "status" : "error",
            "place" : {
              "filePath" : "D:/PixelPerfect/VCM_backup/Customer Management Module/Retesting/Manage Contact Information/Customer_Management_Screen1.gspec",
              "lineNumber" : 105
            },
            "name" : "below Diplomatic_Post_Office_Text 10px",
            "errors" : [ "\"Diplomatic_Post_Office_Address\" is 5px below \"Diplomatic_Post_Office_Text\" instead of 10px" ],
            "meta" : [ {
              "from" : {
                "object" : "Diplomatic_Post_Office_Address",
                "edge" : "top"
              },
              "to" : {
                "object" : "Diplomatic_Post_Office_Text",
                "edge" : "bottom"
              },
              "expectedDistance" : "10px",
              "realDistance" : "5px"
            } ],
            "highlight" : [ "Diplomatic_Post_Office_Address", "Diplomatic_Post_Office_Text" ]
          }, {
            "status" : "info",
            "place" : {
              "filePath" : "D:/PixelPerfect/VCM_backup/Customer Management Module/Retesting/Manage Contact Information/Customer_Management_Screen1.gspec",
              "lineNumber" : 106
            },
            "name" : "aligned vertically left Diplomatic_Post_Office_Text",
            "highlight" : [ "Diplomatic_Post_Office_Address", "Diplomatic_Post_Office_Text" ]
          } ]
        }, {
          "name" : "Diplomatic_Post_Office_Address_Border",
          "specs" : [ {
            "status" : "error",
            "place" : {
              "filePath" : "D:/PixelPerfect/VCM_backup/Customer Management Module/Retesting/Manage Contact Information/Customer_Management_Screen1.gspec",
              "lineNumber" : 109
            },
            "name" : "css border-bottom-color is \"rgb(210, 210, 210)\"",
            "errors" : [ "\"Diplomatic_Post_Office_Address_Border\" css property \"border-bottom-color\" is \"rgba(210, 210, 210, 1)\" but should be \"rgb(210, 210, 210)\"" ],
            "highlight" : [ "Diplomatic_Post_Office_Address_Border" ]
          } ]
        }, {
          "name" : "Diplomatic_Post_Office_Setus_Mailing_address_Text",
          "specs" : [ {
            "status" : "error",
            "place" : {
              "filePath" : "D:/PixelPerfect/VCM_backup/Customer Management Module/Retesting/Manage Contact Information/Customer_Management_Screen1.gspec",
              "lineNumber" : 112
            },
            "name" : "text is \"Set as Mailing Address\"",
            "errors" : [ "\"Diplomatic_Post_Office_Setus_Mailing_address_Text\" text is \"Primary Mailing Address\" but should be \"Set as Mailing Address\"" ],
            "highlight" : [ "Diplomatic_Post_Office_Setus_Mailing_address_Text" ]
          }, {
            "status" : "info",
            "place" : {
              "filePath" : "D:/PixelPerfect/VCM_backup/Customer Management Module/Retesting/Manage Contact Information/Customer_Management_Screen1.gspec",
              "lineNumber" : 115
            },
            "name" : "css font-size is \"16px\"",
            "highlight" : [ "Diplomatic_Post_Office_Setus_Mailing_address_Text" ]
          }, {
            "status" : "info",
            "place" : {
              "filePath" : "D:/PixelPerfect/VCM_backup/Customer Management Module/Retesting/Manage Contact Information/Customer_Management_Screen1.gspec",
              "lineNumber" : 116
            },
            "name" : "css font-family contains \"benton-sans\"",
            "highlight" : [ "Diplomatic_Post_Office_Setus_Mailing_address_Text" ]
          }, {
            "status" : "info",
            "place" : {
              "filePath" : "D:/PixelPerfect/VCM_backup/Customer Management Module/Retesting/Manage Contact Information/Customer_Management_Screen1.gspec",
              "lineNumber" : 118
            },
            "name" : "css font-weight is \"600\"",
            "highlight" : [ "Diplomatic_Post_Office_Setus_Mailing_address_Text" ]
          }, {
            "status" : "info",
            "place" : {
              "filePath" : "D:/PixelPerfect/VCM_backup/Customer Management Module/Retesting/Manage Contact Information/Customer_Management_Screen1.gspec",
              "lineNumber" : 119
            },
            "name" : "css text-align is \"left\"",
            "highlight" : [ "Diplomatic_Post_Office_Setus_Mailing_address_Text" ]
          }, {
            "status" : "error",
            "place" : {
              "filePath" : "D:/PixelPerfect/VCM_backup/Customer Management Module/Retesting/Manage Contact Information/Customer_Management_Screen1.gspec",
              "lineNumber" : 120
            },
            "name" : "below Diplomatic_Post_Office_Address_Border 15px",
            "errors" : [ "\"Diplomatic_Post_Office_Setus_Mailing_address_Text\" is 17px below \"Diplomatic_Post_Office_Address_Border\" instead of 15px" ],
            "meta" : [ {
              "from" : {
                "object" : "Diplomatic_Post_Office_Setus_Mailing_address_Text",
                "edge" : "top"
              },
              "to" : {
                "object" : "Diplomatic_Post_Office_Address_Border",
                "edge" : "bottom"
              },
              "expectedDistance" : "15px",
              "realDistance" : "17px"
            } ],
            "highlight" : [ "Diplomatic_Post_Office_Setus_Mailing_address_Text", "Diplomatic_Post_Office_Address_Border" ]
          }, {
            "status" : "error",
            "place" : {
              "filePath" : "D:/PixelPerfect/VCM_backup/Customer Management Module/Retesting/Manage Contact Information/Customer_Management_Screen1.gspec",
              "lineNumber" : 121
            },
            "name" : "aligned vertically left Diplomatic_Post_Office_Text",
            "errors" : [ "\"Diplomatic_Post_Office_Text\" is not aligned vertically left with \"Diplomatic_Post_Office_Setus_Mailing_address_Text\". Offset is 2px" ],
            "highlight" : [ "Diplomatic_Post_Office_Setus_Mailing_address_Text", "Diplomatic_Post_Office_Text" ]
          } ]
        }, {
          "name" : "Diplomatic_Post_Office_Setus_Mailing_address_Icon",
          "specs" : [ {
            "status" : "info",
            "place" : {
              "filePath" : "D:/PixelPerfect/VCM_backup/Customer Management Module/Retesting/Manage Contact Information/Customer_Management_Screen1.gspec",
              "lineNumber" : 124
            },
            "name" : "width 50px",
            "meta" : [ {
              "from" : {
                "object" : "Diplomatic_Post_Office_Setus_Mailing_address_Icon",
                "edge" : "left"
              },
              "to" : {
                "object" : "Diplomatic_Post_Office_Setus_Mailing_address_Icon",
                "edge" : "right"
              },
              "expectedDistance" : "50px",
              "realDistance" : "50px"
            } ],
            "highlight" : [ "Diplomatic_Post_Office_Setus_Mailing_address_Icon" ]
          }, {
            "status" : "info",
            "place" : {
              "filePath" : "D:/PixelPerfect/VCM_backup/Customer Management Module/Retesting/Manage Contact Information/Customer_Management_Screen1.gspec",
              "lineNumber" : 125
            },
            "name" : "height 26px",
            "meta" : [ {
              "from" : {
                "object" : "Diplomatic_Post_Office_Setus_Mailing_address_Icon",
                "edge" : "top"
              },
              "to" : {
                "object" : "Diplomatic_Post_Office_Setus_Mailing_address_Icon",
                "edge" : "bottom"
              },
              "expectedDistance" : "26px",
              "realDistance" : "26px"
            } ],
            "highlight" : [ "Diplomatic_Post_Office_Setus_Mailing_address_Icon" ]
          }, {
            "status" : "info",
            "place" : {
              "filePath" : "D:/PixelPerfect/VCM_backup/Customer Management Module/Retesting/Manage Contact Information/Customer_Management_Screen1.gspec",
              "lineNumber" : 126
            },
            "name" : "below Diplomatic_Post_Office_Address_Border 15px",
            "meta" : [ {
              "from" : {
                "object" : "Diplomatic_Post_Office_Setus_Mailing_address_Icon",
                "edge" : "top"
              },
              "to" : {
                "object" : "Diplomatic_Post_Office_Address_Border",
                "edge" : "bottom"
              },
              "expectedDistance" : "15px",
              "realDistance" : "15px"
            } ],
            "highlight" : [ "Diplomatic_Post_Office_Setus_Mailing_address_Icon", "Diplomatic_Post_Office_Address_Border" ]
          } ]
        }, {
          "name" : "Diplomatic_Post_Office_Setus_physical_address_Icon",
          "specs" : [ {
            "status" : "error",
            "place" : {
              "filePath" : "D:/PixelPerfect/VCM_backup/Customer Management Module/Retesting/Manage Contact Information/Customer_Management_Screen1.gspec",
              "lineNumber" : 130
            },
            "name" : "inside Diplomatic_Post_Office_Wrapper 30px right, 30px bottom",
            "errors" : [ "\"Diplomatic_Post_Office_Setus_physical_address_Icon\" is 13px right instead of 30px and 14px bottom instead of 30px" ],
            "meta" : [ {
              "from" : {
                "object" : "Diplomatic_Post_Office_Setus_physical_address_Icon",
                "edge" : "right"
              },
              "to" : {
                "object" : "Diplomatic_Post_Office_Wrapper",
                "edge" : "right"
              },
              "expectedDistance" : "30px",
              "realDistance" : "13px"
            }, {
              "from" : {
                "object" : "Diplomatic_Post_Office_Setus_physical_address_Icon",
                "edge" : "bottom"
              },
              "to" : {
                "object" : "Diplomatic_Post_Office_Wrapper",
                "edge" : "bottom"
              },
              "expectedDistance" : "30px",
              "realDistance" : "14px"
            } ],
            "highlight" : [ "Diplomatic_Post_Office_Setus_physical_address_Icon", "Diplomatic_Post_Office_Wrapper" ]
          }, {
            "status" : "error",
            "place" : {
              "filePath" : "D:/PixelPerfect/VCM_backup/Customer Management Module/Retesting/Manage Contact Information/Customer_Management_Screen1.gspec",
              "lineNumber" : 131
            },
            "name" : "below Diplomatic_Post_Office_Setus_Mailing_address_Icon 10px",
            "errors" : [ "\"Diplomatic_Post_Office_Setus_physical_address_Icon\" is 13px below \"Diplomatic_Post_Office_Setus_Mailing_address_Icon\" instead of 10px" ],
            "meta" : [ {
              "from" : {
                "object" : "Diplomatic_Post_Office_Setus_physical_address_Icon",
                "edge" : "top"
              },
              "to" : {
                "object" : "Diplomatic_Post_Office_Setus_Mailing_address_Icon",
                "edge" : "bottom"
              },
              "expectedDistance" : "10px",
              "realDistance" : "13px"
            } ],
            "highlight" : [ "Diplomatic_Post_Office_Setus_physical_address_Icon", "Diplomatic_Post_Office_Setus_Mailing_address_Icon" ]
          }, {
            "status" : "info",
            "place" : {
              "filePath" : "D:/PixelPerfect/VCM_backup/Customer Management Module/Retesting/Manage Contact Information/Customer_Management_Screen1.gspec",
              "lineNumber" : 132
            },
            "name" : "aligned vertically all Diplomatic_Post_Office_Setus_Mailing_address_Icon",
            "highlight" : [ "Diplomatic_Post_Office_Setus_physical_address_Icon", "Diplomatic_Post_Office_Setus_Mailing_address_Icon" ]
          } ]
        }, {
          "name" : "Diplomatic_Post_Office_physical_address_Text",
          "specs" : [ {
            "status" : "error",
            "place" : {
              "filePath" : "D:/PixelPerfect/VCM_backup/Customer Management Module/Retesting/Manage Contact Information/Customer_Management_Screen1.gspec",
              "lineNumber" : 136
            },
            "name" : "text is \"Set as Physical Address\"",
            "errors" : [ "\"Diplomatic_Post_Office_physical_address_Text\" text is \"Primary Physical Address\" but should be \"Set as Physical Address\"" ],
            "highlight" : [ "Diplomatic_Post_Office_physical_address_Text" ]
          }, {
            "status" : "info",
            "place" : {
              "filePath" : "D:/PixelPerfect/VCM_backup/Customer Management Module/Retesting/Manage Contact Information/Customer_Management_Screen1.gspec",
              "lineNumber" : 137
            },
            "name" : "aligned vertically left Diplomatic_Post_Office_Setus_Mailing_address_Text",
            "highlight" : [ "Diplomatic_Post_Office_physical_address_Text", "Diplomatic_Post_Office_Setus_Mailing_address_Text" ]
          }, {
            "status" : "error",
            "place" : {
              "filePath" : "D:/PixelPerfect/VCM_backup/Customer Management Module/Retesting/Manage Contact Information/Customer_Management_Screen1.gspec",
              "lineNumber" : 138
            },
            "name" : "below Diplomatic_Post_Office_Setus_Mailing_address_Text 14px",
            "errors" : [ "\"Diplomatic_Post_Office_physical_address_Text\" is 17px below \"Diplomatic_Post_Office_Setus_Mailing_address_Text\" instead of 14px" ],
            "meta" : [ {
              "from" : {
                "object" : "Diplomatic_Post_Office_physical_address_Text",
                "edge" : "top"
              },
              "to" : {
                "object" : "Diplomatic_Post_Office_Setus_Mailing_address_Text",
                "edge" : "bottom"
              },
              "expectedDistance" : "14px",
              "realDistance" : "17px"
            } ],
            "highlight" : [ "Diplomatic_Post_Office_physical_address_Text", "Diplomatic_Post_Office_Setus_Mailing_address_Text" ]
          } ]
        } ]
      } ],
      "objects" : {
        "Diplomatic_Post_Office_Text" : {
          "area" : [ 160, 284, 304, 24 ]
        },
        "Profile_Breadcrum" : {
          "area" : [ 122, 119, 37, 16 ]
        },
        "Diplomatic_Post_Office_Address_Border" : {
          "area" : [ 158, 390, 307, 1 ]
        },
        "Manage_Contact_Info_Add_Icon" : {
          "area" : [ 1183, 184, 13, 13 ]
        },
        "Manage_Contact_Info_Title" : {
          "area" : [ 122, 177, 423, 41 ]
        },
        "Manage_Contact_Info_Add_Text" : {
          "area" : [ 1122, 177, 110, 23 ]
        },
        "Logo" : {
          "area" : [ 122, 14, 186, 74 ]
        },
        "Diplomatic_Post_Office_physical_address_Text" : {
          "area" : [ 158, 447, 193, 22 ]
        },
        "Diplomatic_Post_Office_Setus_physical_address_Icon" : {
          "area" : [ 424, 446, 50, 26 ]
        },
        "Diplomatic_Post_Office_Icon" : {
          "area" : [ 462, 283, 7, 19 ]
        },
        "Diplomatic_Post_Office_Address" : {
          "area" : [ 160, 313, 304, 19 ]
        },
        "Diplomatic_Post_Office_Wrapper" : {
          "area" : [ 137, 263, 350, 223 ]
        },
        "Manage_Contact_Info_Breadcrum" : {
          "area" : [ 309, 119, 165, 16 ]
        },
        "Diplomatic_Post_Office_Setus_Mailing_address_Icon" : {
          "area" : [ 424, 407, 50, 26 ]
        },
        "Basic_Info_Breadcrum" : {
          "area" : [ 183, 119, 102, 16 ]
        },
        "Diplomatic_Post_Office_Setus_Mailing_address_Text" : {
          "area" : [ 158, 408, 186, 22 ]
        }
      },
      "screenshot" : "layout-1-screenshot.png",
      "type" : "layout"
    } ]
  }
}