{
  "testId" : "1-manage-military-information",
  "name" : "Manage Military information",
  "report" : {
    "nodes" : [ {
      "name" : "Check layout: D:/PixelPerfect/VCM_backup/Customer Management Module/Retesting/Military Information/Customer_Management_Screen5.gspec included tags: desktop",
      "status" : "error",
      "time" : 1586954189378,
      "includedTags" : [ "desktop" ],
      "sections" : [ {
        "name" : "=Customer Management Module Screen 5=",
        "place" : {
          "filePath" : "D:/PixelPerfect/VCM_backup/Customer Management Module/Retesting/Military Information/Customer_Management_Screen5.gspec",
          "lineNumber" : 34
        },
        "objects" : [ {
          "name" : "Profile_Breadcrum",
          "specs" : [ {
            "status" : "info",
            "place" : {
              "filePath" : "D:/PixelPerfect/VCM_backup/Customer Management Module/Retesting/Military Information/Customer_Management_Screen5.gspec",
              "lineNumber" : 36
            },
            "name" : "text is \"Profile\"",
            "highlight" : [ "Profile_Breadcrum" ]
          }, {
            "status" : "info",
            "place" : {
              "filePath" : "D:/PixelPerfect/VCM_backup/Customer Management Module/Retesting/Military Information/Customer_Management_Screen5.gspec",
              "lineNumber" : 37
            },
            "name" : "aligned vertically left Logo",
            "highlight" : [ "Profile_Breadcrum", "Logo" ]
          }, {
            "status" : "info",
            "place" : {
              "filePath" : "D:/PixelPerfect/VCM_backup/Customer Management Module/Retesting/Military Information/Customer_Management_Screen5.gspec",
              "lineNumber" : 39
            },
            "name" : "css text-decoration is \"underline solid rgb(0, 74, 152)\"",
            "highlight" : [ "Profile_Breadcrum" ]
          } ]
        }, {
          "name" : "Basic_Info_Breadcrum",
          "specs" : [ {
            "status" : "info",
            "place" : {
              "filePath" : "D:/PixelPerfect/VCM_backup/Customer Management Module/Retesting/Military Information/Customer_Management_Screen5.gspec",
              "lineNumber" : 42
            },
            "name" : "css text-decoration is \"underline solid rgb(0, 74, 152)\"",
            "highlight" : [ "Basic_Info_Breadcrum" ]
          }, {
            "status" : "info",
            "place" : {
              "filePath" : "D:/PixelPerfect/VCM_backup/Customer Management Module/Retesting/Military Information/Customer_Management_Screen5.gspec",
              "lineNumber" : 43
            },
            "name" : "text is \"Basic Information\"",
            "highlight" : [ "Basic_Info_Breadcrum" ]
          }, {
            "status" : "info",
            "place" : {
              "filePath" : "D:/PixelPerfect/VCM_backup/Customer Management Module/Retesting/Military Information/Customer_Management_Screen5.gspec",
              "lineNumber" : 44
            },
            "name" : "css color is \"rgba(0, 74, 152, 1)\"",
            "highlight" : [ "Basic_Info_Breadcrum" ]
          }, {
            "status" : "info",
            "place" : {
              "filePath" : "D:/PixelPerfect/VCM_backup/Customer Management Module/Retesting/Military Information/Customer_Management_Screen5.gspec",
              "lineNumber" : 45
            },
            "name" : "aligned horizontally all Profile_Breadcrum",
            "highlight" : [ "Basic_Info_Breadcrum", "Profile_Breadcrum" ]
          } ]
        }, {
          "name" : "Military_Info_Breadcrum",
          "specs" : [ {
            "status" : "info",
            "place" : {
              "filePath" : "D:/PixelPerfect/VCM_backup/Customer Management Module/Retesting/Military Information/Customer_Management_Screen5.gspec",
              "lineNumber" : 48
            },
            "name" : "css line-height is \"20px\"",
            "highlight" : [ "Military_Info_Breadcrum" ]
          }, {
            "status" : "info",
            "place" : {
              "filePath" : "D:/PixelPerfect/VCM_backup/Customer Management Module/Retesting/Military Information/Customer_Management_Screen5.gspec",
              "lineNumber" : 49
            },
            "name" : "text is \"Military information\"",
            "highlight" : [ "Military_Info_Breadcrum" ]
          }, {
            "status" : "info",
            "place" : {
              "filePath" : "D:/PixelPerfect/VCM_backup/Customer Management Module/Retesting/Military Information/Customer_Management_Screen5.gspec",
              "lineNumber" : 50
            },
            "name" : "css color is \"rgba(86, 86, 90, 1)\"",
            "highlight" : [ "Military_Info_Breadcrum" ]
          }, {
            "status" : "info",
            "place" : {
              "filePath" : "D:/PixelPerfect/VCM_backup/Customer Management Module/Retesting/Military Information/Customer_Management_Screen5.gspec",
              "lineNumber" : 51
            },
            "name" : "aligned horizontally all Basic_Info_Breadcrum",
            "highlight" : [ "Military_Info_Breadcrum", "Basic_Info_Breadcrum" ]
          } ]
        }, {
          "name" : "Military_Info_Title",
          "specs" : [ {
            "status" : "info",
            "place" : {
              "filePath" : "D:/PixelPerfect/VCM_backup/Customer Management Module/Retesting/Military Information/Customer_Management_Screen5.gspec",
              "lineNumber" : 54
            },
            "name" : "text is \"Manage Military information\"",
            "highlight" : [ "Military_Info_Title" ]
          }, {
            "status" : "info",
            "place" : {
              "filePath" : "D:/PixelPerfect/VCM_backup/Customer Management Module/Retesting/Military Information/Customer_Management_Screen5.gspec",
              "lineNumber" : 55
            },
            "name" : "css color is \"rgba(72, 109, 144, 1)\"",
            "highlight" : [ "Military_Info_Title" ]
          }, {
            "status" : "info",
            "place" : {
              "filePath" : "D:/PixelPerfect/VCM_backup/Customer Management Module/Retesting/Military Information/Customer_Management_Screen5.gspec",
              "lineNumber" : 57
            },
            "name" : "css font-size is \"30px\"",
            "highlight" : [ "Military_Info_Title" ]
          }, {
            "status" : "info",
            "place" : {
              "filePath" : "D:/PixelPerfect/VCM_backup/Customer Management Module/Retesting/Military Information/Customer_Management_Screen5.gspec",
              "lineNumber" : 58
            },
            "name" : "css font-family contains \"yorkten-slab-normal\"",
            "highlight" : [ "Military_Info_Title" ]
          }, {
            "status" : "info",
            "place" : {
              "filePath" : "D:/PixelPerfect/VCM_backup/Customer Management Module/Retesting/Military Information/Customer_Management_Screen5.gspec",
              "lineNumber" : 59
            },
            "name" : "css line-height is \"36px\"",
            "highlight" : [ "Military_Info_Title" ]
          }, {
            "status" : "info",
            "place" : {
              "filePath" : "D:/PixelPerfect/VCM_backup/Customer Management Module/Retesting/Military Information/Customer_Management_Screen5.gspec",
              "lineNumber" : 60
            },
            "name" : "css font-weight is \"800\"",
            "highlight" : [ "Military_Info_Title" ]
          }, {
            "status" : "info",
            "place" : {
              "filePath" : "D:/PixelPerfect/VCM_backup/Customer Management Module/Retesting/Military Information/Customer_Management_Screen5.gspec",
              "lineNumber" : 61
            },
            "name" : "css text-align is \"left\"",
            "highlight" : [ "Military_Info_Title" ]
          }, {
            "status" : "info",
            "place" : {
              "filePath" : "D:/PixelPerfect/VCM_backup/Customer Management Module/Retesting/Military Information/Customer_Management_Screen5.gspec",
              "lineNumber" : 62
            },
            "name" : "aligned vertically left Profile_Breadcrum",
            "highlight" : [ "Military_Info_Title", "Profile_Breadcrum" ]
          }, {
            "status" : "error",
            "place" : {
              "filePath" : "D:/PixelPerfect/VCM_backup/Customer Management Module/Retesting/Military Information/Customer_Management_Screen5.gspec",
              "lineNumber" : 63
            },
            "name" : "below Profile_Breadcrum 40px",
            "errors" : [ "\"Military_Info_Title\" is 86px below \"Profile_Breadcrum\" instead of 40px" ],
            "meta" : [ {
              "from" : {
                "object" : "Military_Info_Title",
                "edge" : "top"
              },
              "to" : {
                "object" : "Profile_Breadcrum",
                "edge" : "bottom"
              },
              "expectedDistance" : "40px",
              "realDistance" : "86px"
            } ],
            "highlight" : [ "Military_Info_Title", "Profile_Breadcrum" ]
          }, {
            "status" : "info",
            "place" : {
              "filePath" : "D:/PixelPerfect/VCM_backup/Customer Management Module/Retesting/Military Information/Customer_Management_Screen5.gspec",
              "lineNumber" : 64
            },
            "name" : "css border-bottom is \"2px solid rgb(139, 193, 5)\"",
            "highlight" : [ "Military_Info_Title" ]
          } ]
        }, {
          "name" : "Military_Content",
          "specs" : [ {
            "status" : "info",
            "place" : {
              "filePath" : "D:/PixelPerfect/VCM_backup/Customer Management Module/Retesting/Military Information/Customer_Management_Screen5.gspec",
              "lineNumber" : 68
            },
            "name" : "text is \"Please Provide current military information. We want to ensure that our members receive our most competitive offers and rates and are addressed according to correct military protocol\"",
            "highlight" : [ "Military_Content" ]
          }, {
            "status" : "error",
            "place" : {
              "filePath" : "D:/PixelPerfect/VCM_backup/Customer Management Module/Retesting/Military Information/Customer_Management_Screen5.gspec",
              "lineNumber" : 69
            },
            "name" : "css color is \"rgba(73, 73, 74, 1)\"",
            "errors" : [ "\"Military_Content\" css property \"color\" is \"rgba(86, 86, 90, 1)\" but should be \"rgba(73, 73, 74, 1)\"" ],
            "highlight" : [ "Military_Content" ]
          }, {
            "status" : "info",
            "place" : {
              "filePath" : "D:/PixelPerfect/VCM_backup/Customer Management Module/Retesting/Military Information/Customer_Management_Screen5.gspec",
              "lineNumber" : 71
            },
            "name" : "css font-size is \"16px\"",
            "highlight" : [ "Military_Content" ]
          }, {
            "status" : "info",
            "place" : {
              "filePath" : "D:/PixelPerfect/VCM_backup/Customer Management Module/Retesting/Military Information/Customer_Management_Screen5.gspec",
              "lineNumber" : 72
            },
            "name" : "css font-family contains \"benton-sans\"",
            "highlight" : [ "Military_Content" ]
          }, {
            "status" : "error",
            "place" : {
              "filePath" : "D:/PixelPerfect/VCM_backup/Customer Management Module/Retesting/Military Information/Customer_Management_Screen5.gspec",
              "lineNumber" : 73
            },
            "name" : "css line-height is \"20px\"",
            "errors" : [ "\"Military_Content\" css property \"line-height\" is \"24px\" but should be \"20px\"" ],
            "highlight" : [ "Military_Content" ]
          }, {
            "status" : "error",
            "place" : {
              "filePath" : "D:/PixelPerfect/VCM_backup/Customer Management Module/Retesting/Military Information/Customer_Management_Screen5.gspec",
              "lineNumber" : 74
            },
            "name" : "css font-weight is \"600\"",
            "errors" : [ "\"Military_Content\" css property \"font-weight\" is \"400\" but should be \"600\"" ],
            "highlight" : [ "Military_Content" ]
          }, {
            "status" : "info",
            "place" : {
              "filePath" : "D:/PixelPerfect/VCM_backup/Customer Management Module/Retesting/Military Information/Customer_Management_Screen5.gspec",
              "lineNumber" : 75
            },
            "name" : "css text-align is \"left\"",
            "highlight" : [ "Military_Content" ]
          }, {
            "status" : "info",
            "place" : {
              "filePath" : "D:/PixelPerfect/VCM_backup/Customer Management Module/Retesting/Military Information/Customer_Management_Screen5.gspec",
              "lineNumber" : 76
            },
            "name" : "aligned vertically left Military_Info_Title",
            "highlight" : [ "Military_Content", "Military_Info_Title" ]
          }, {
            "status" : "info",
            "place" : {
              "filePath" : "D:/PixelPerfect/VCM_backup/Customer Management Module/Retesting/Military Information/Customer_Management_Screen5.gspec",
              "lineNumber" : 77
            },
            "name" : "below Military_Info_Title 30px",
            "meta" : [ {
              "from" : {
                "object" : "Military_Content",
                "edge" : "top"
              },
              "to" : {
                "object" : "Military_Info_Title",
                "edge" : "bottom"
              },
              "expectedDistance" : "30px",
              "realDistance" : "30px"
            } ],
            "highlight" : [ "Military_Content", "Military_Info_Title" ]
          } ]
        }, {
          "name" : "All_Fields_are_required_Text",
          "specs" : [ {
            "status" : "info",
            "place" : {
              "filePath" : "D:/PixelPerfect/VCM_backup/Customer Management Module/Retesting/Military Information/Customer_Management_Screen5.gspec",
              "lineNumber" : 81
            },
            "name" : "text is \"* All fields are required except mentioned optional\"",
            "highlight" : [ "All_Fields_are_required_Text" ]
          }, {
            "status" : "info",
            "place" : {
              "filePath" : "D:/PixelPerfect/VCM_backup/Customer Management Module/Retesting/Military Information/Customer_Management_Screen5.gspec",
              "lineNumber" : 82
            },
            "name" : "css color is \"rgba(86, 86, 90, 1)\"",
            "highlight" : [ "All_Fields_are_required_Text" ]
          }, {
            "status" : "info",
            "place" : {
              "filePath" : "D:/PixelPerfect/VCM_backup/Customer Management Module/Retesting/Military Information/Customer_Management_Screen5.gspec",
              "lineNumber" : 84
            },
            "name" : "css font-size is \"16px\"",
            "highlight" : [ "All_Fields_are_required_Text" ]
          }, {
            "status" : "info",
            "place" : {
              "filePath" : "D:/PixelPerfect/VCM_backup/Customer Management Module/Retesting/Military Information/Customer_Management_Screen5.gspec",
              "lineNumber" : 85
            },
            "name" : "css font-family contains \"benton-sans\"",
            "highlight" : [ "All_Fields_are_required_Text" ]
          }, {
            "status" : "info",
            "place" : {
              "filePath" : "D:/PixelPerfect/VCM_backup/Customer Management Module/Retesting/Military Information/Customer_Management_Screen5.gspec",
              "lineNumber" : 88
            },
            "name" : "css text-align is \"right\"",
            "highlight" : [ "All_Fields_are_required_Text" ]
          }, {
            "status" : "error",
            "place" : {
              "filePath" : "D:/PixelPerfect/VCM_backup/Customer Management Module/Retesting/Military Information/Customer_Management_Screen5.gspec",
              "lineNumber" : 89
            },
            "name" : "below Military_Info_Title 30px",
            "errors" : [ "\"All_Fields_are_required_Text\" is -85px below \"Military_Info_Title\" instead of 30px" ],
            "meta" : [ {
              "from" : {
                "object" : "All_Fields_are_required_Text",
                "edge" : "top"
              },
              "to" : {
                "object" : "Military_Info_Title",
                "edge" : "bottom"
              },
              "expectedDistance" : "30px",
              "realDistance" : "-85px"
            } ],
            "highlight" : [ "All_Fields_are_required_Text", "Military_Info_Title" ]
          } ]
        }, {
          "name" : "Are_You_Currently_Severd_Text",
          "specs" : [ {
            "status" : "info",
            "place" : {
              "filePath" : "D:/PixelPerfect/VCM_backup/Customer Management Module/Retesting/Military Information/Customer_Management_Screen5.gspec",
              "lineNumber" : 92
            },
            "name" : "text is \"Are you currently serving, or have you ever served in the US Military?\"",
            "highlight" : [ "Are_You_Currently_Severd_Text" ]
          }, {
            "status" : "info",
            "place" : {
              "filePath" : "D:/PixelPerfect/VCM_backup/Customer Management Module/Retesting/Military Information/Customer_Management_Screen5.gspec",
              "lineNumber" : 93
            },
            "name" : "css color is \"rgba(73, 73, 74, 1)\"",
            "highlight" : [ "Are_You_Currently_Severd_Text" ]
          }, {
            "status" : "info",
            "place" : {
              "filePath" : "D:/PixelPerfect/VCM_backup/Customer Management Module/Retesting/Military Information/Customer_Management_Screen5.gspec",
              "lineNumber" : 95
            },
            "name" : "css font-size is \"16px\"",
            "highlight" : [ "Are_You_Currently_Severd_Text" ]
          }, {
            "status" : "info",
            "place" : {
              "filePath" : "D:/PixelPerfect/VCM_backup/Customer Management Module/Retesting/Military Information/Customer_Management_Screen5.gspec",
              "lineNumber" : 96
            },
            "name" : "css font-family contains \"benton-sans\"",
            "highlight" : [ "Are_You_Currently_Severd_Text" ]
          }, {
            "status" : "info",
            "place" : {
              "filePath" : "D:/PixelPerfect/VCM_backup/Customer Management Module/Retesting/Military Information/Customer_Management_Screen5.gspec",
              "lineNumber" : 97
            },
            "name" : "css line-height is \"20px\"",
            "highlight" : [ "Are_You_Currently_Severd_Text" ]
          }, {
            "status" : "info",
            "place" : {
              "filePath" : "D:/PixelPerfect/VCM_backup/Customer Management Module/Retesting/Military Information/Customer_Management_Screen5.gspec",
              "lineNumber" : 98
            },
            "name" : "css font-weight is \"600\"",
            "highlight" : [ "Are_You_Currently_Severd_Text" ]
          }, {
            "status" : "info",
            "place" : {
              "filePath" : "D:/PixelPerfect/VCM_backup/Customer Management Module/Retesting/Military Information/Customer_Management_Screen5.gspec",
              "lineNumber" : 99
            },
            "name" : "css text-align is \"left\"",
            "highlight" : [ "Are_You_Currently_Severd_Text" ]
          }, {
            "status" : "info",
            "place" : {
              "filePath" : "D:/PixelPerfect/VCM_backup/Customer Management Module/Retesting/Military Information/Customer_Management_Screen5.gspec",
              "lineNumber" : 100
            },
            "name" : "aligned vertically left Military_Info_Title",
            "highlight" : [ "Are_You_Currently_Severd_Text", "Military_Info_Title" ]
          }, {
            "status" : "error",
            "place" : {
              "filePath" : "D:/PixelPerfect/VCM_backup/Customer Management Module/Retesting/Military Information/Customer_Management_Screen5.gspec",
              "lineNumber" : 101
            },
            "name" : "below Military_Content 47px",
            "errors" : [ "\"Are_You_Currently_Severd_Text\" is 30px below \"Military_Content\" instead of 47px" ],
            "meta" : [ {
              "from" : {
                "object" : "Are_You_Currently_Severd_Text",
                "edge" : "top"
              },
              "to" : {
                "object" : "Military_Content",
                "edge" : "bottom"
              },
              "expectedDistance" : "47px",
              "realDistance" : "30px"
            } ],
            "highlight" : [ "Are_You_Currently_Severd_Text", "Military_Content" ]
          } ]
        }, {
          "name" : "Are_You_Currently_Severd_Input",
          "specs" : [ {
            "status" : "info",
            "place" : {
              "filePath" : "D:/PixelPerfect/VCM_backup/Customer Management Module/Retesting/Military Information/Customer_Management_Screen5.gspec",
              "lineNumber" : 104
            },
            "name" : "width 50px",
            "meta" : [ {
              "from" : {
                "object" : "Are_You_Currently_Severd_Input",
                "edge" : "left"
              },
              "to" : {
                "object" : "Are_You_Currently_Severd_Input",
                "edge" : "right"
              },
              "expectedDistance" : "50px",
              "realDistance" : "50px"
            } ],
            "highlight" : [ "Are_You_Currently_Severd_Input" ]
          }, {
            "status" : "info",
            "place" : {
              "filePath" : "D:/PixelPerfect/VCM_backup/Customer Management Module/Retesting/Military Information/Customer_Management_Screen5.gspec",
              "lineNumber" : 105
            },
            "name" : "height 26px",
            "meta" : [ {
              "from" : {
                "object" : "Are_You_Currently_Severd_Input",
                "edge" : "top"
              },
              "to" : {
                "object" : "Are_You_Currently_Severd_Input",
                "edge" : "bottom"
              },
              "expectedDistance" : "26px",
              "realDistance" : "26px"
            } ],
            "highlight" : [ "Are_You_Currently_Severd_Input" ]
          }, {
            "status" : "error",
            "place" : {
              "filePath" : "D:/PixelPerfect/VCM_backup/Customer Management Module/Retesting/Military Information/Customer_Management_Screen5.gspec",
              "lineNumber" : 106
            },
            "name" : "below Military_Content 64px",
            "errors" : [ "\"Are_You_Currently_Severd_Input\" is 30px below \"Military_Content\" instead of 64px" ],
            "meta" : [ {
              "from" : {
                "object" : "Are_You_Currently_Severd_Input",
                "edge" : "top"
              },
              "to" : {
                "object" : "Military_Content",
                "edge" : "bottom"
              },
              "expectedDistance" : "64px",
              "realDistance" : "30px"
            } ],
            "highlight" : [ "Are_You_Currently_Severd_Input", "Military_Content" ]
          } ]
        }, {
          "name" : "Military_Status_Text",
          "specs" : [ {
            "status" : "error",
            "place" : {
              "filePath" : "D:/PixelPerfect/VCM_backup/Customer Management Module/Retesting/Military Information/Customer_Management_Screen5.gspec",
              "lineNumber" : 109
            },
            "name" : "text is \"Military Status\"",
            "errors" : [ "\"Military_Status_Text\" text is \"Military Status[Optional]\" but should be \"Military Status\"" ],
            "highlight" : [ "Military_Status_Text" ]
          }, {
            "status" : "error",
            "place" : {
              "filePath" : "D:/PixelPerfect/VCM_backup/Customer Management Module/Retesting/Military Information/Customer_Management_Screen5.gspec",
              "lineNumber" : 110
            },
            "name" : "below Are_You_Currently_Severd_Text 45px",
            "errors" : [ "\"Military_Status_Text\" is 44px below \"Are_You_Currently_Severd_Text\" instead of 45px" ],
            "meta" : [ {
              "from" : {
                "object" : "Military_Status_Text",
                "edge" : "top"
              },
              "to" : {
                "object" : "Are_You_Currently_Severd_Text",
                "edge" : "bottom"
              },
              "expectedDistance" : "45px",
              "realDistance" : "44px"
            } ],
            "highlight" : [ "Military_Status_Text", "Are_You_Currently_Severd_Text" ]
          }, {
            "status" : "info",
            "place" : {
              "filePath" : "D:/PixelPerfect/VCM_backup/Customer Management Module/Retesting/Military Information/Customer_Management_Screen5.gspec",
              "lineNumber" : 111
            },
            "name" : "aligned vertically left Are_You_Currently_Severd_Text",
            "highlight" : [ "Military_Status_Text", "Are_You_Currently_Severd_Text" ]
          } ]
        }, {
          "name" : "Military_Status_Input",
          "specs" : [ {
            "status" : "error",
            "place" : {
              "filePath" : "D:/PixelPerfect/VCM_backup/Customer Management Module/Retesting/Military Information/Customer_Management_Screen5.gspec",
              "lineNumber" : 114
            },
            "name" : "width 350px",
            "errors" : [ "\"Military_Status_Input\" width is 370px instead of 350px" ],
            "meta" : [ {
              "from" : {
                "object" : "Military_Status_Input",
                "edge" : "left"
              },
              "to" : {
                "object" : "Military_Status_Input",
                "edge" : "right"
              },
              "expectedDistance" : "350px",
              "realDistance" : "370px"
            } ],
            "highlight" : [ "Military_Status_Input" ]
          }, {
            "status" : "info",
            "place" : {
              "filePath" : "D:/PixelPerfect/VCM_backup/Customer Management Module/Retesting/Military Information/Customer_Management_Screen5.gspec",
              "lineNumber" : 115
            },
            "name" : "height 50px",
            "meta" : [ {
              "from" : {
                "object" : "Military_Status_Input",
                "edge" : "top"
              },
              "to" : {
                "object" : "Military_Status_Input",
                "edge" : "bottom"
              },
              "expectedDistance" : "50px",
              "realDistance" : "50px"
            } ],
            "highlight" : [ "Military_Status_Input" ]
          }, {
            "status" : "info",
            "place" : {
              "filePath" : "D:/PixelPerfect/VCM_backup/Customer Management Module/Retesting/Military Information/Customer_Management_Screen5.gspec",
              "lineNumber" : 116
            },
            "name" : "css border is \"1px solid rgb(210, 210, 210)\"",
            "highlight" : [ "Military_Status_Input" ]
          }, {
            "status" : "info",
            "place" : {
              "filePath" : "D:/PixelPerfect/VCM_backup/Customer Management Module/Retesting/Military Information/Customer_Management_Screen5.gspec",
              "lineNumber" : 117
            },
            "name" : "below Are_You_Currently_Severd_Text 30px",
            "meta" : [ {
              "from" : {
                "object" : "Military_Status_Input",
                "edge" : "top"
              },
              "to" : {
                "object" : "Are_You_Currently_Severd_Text",
                "edge" : "bottom"
              },
              "expectedDistance" : "30px",
              "realDistance" : "30px"
            } ],
            "highlight" : [ "Military_Status_Input", "Are_You_Currently_Severd_Text" ]
          } ]
        }, {
          "name" : "Branch_of_Service_Text",
          "specs" : [ {
            "status" : "error",
            "place" : {
              "filePath" : "D:/PixelPerfect/VCM_backup/Customer Management Module/Retesting/Military Information/Customer_Management_Screen5.gspec",
              "lineNumber" : 120
            },
            "name" : "text is \"Branch of Service\"",
            "errors" : [ "\"Branch_of_Service_Text\" text is \"Branch of Service[Optional]\" but should be \"Branch of Service\"" ],
            "highlight" : [ "Branch_of_Service_Text" ]
          }, {
            "status" : "error",
            "place" : {
              "filePath" : "D:/PixelPerfect/VCM_backup/Customer Management Module/Retesting/Military Information/Customer_Management_Screen5.gspec",
              "lineNumber" : 121
            },
            "name" : "below Military_Status_Text 61px",
            "errors" : [ "\"Branch_of_Service_Text\" is 54px below \"Military_Status_Text\" instead of 61px" ],
            "meta" : [ {
              "from" : {
                "object" : "Branch_of_Service_Text",
                "edge" : "top"
              },
              "to" : {
                "object" : "Military_Status_Text",
                "edge" : "bottom"
              },
              "expectedDistance" : "61px",
              "realDistance" : "54px"
            } ],
            "highlight" : [ "Branch_of_Service_Text", "Military_Status_Text" ]
          }, {
            "status" : "info",
            "place" : {
              "filePath" : "D:/PixelPerfect/VCM_backup/Customer Management Module/Retesting/Military Information/Customer_Management_Screen5.gspec",
              "lineNumber" : 122
            },
            "name" : "aligned vertically left Are_You_Currently_Severd_Text",
            "highlight" : [ "Branch_of_Service_Text", "Are_You_Currently_Severd_Text" ]
          } ]
        }, {
          "name" : "Branch_of_Service_Input",
          "specs" : [ {
            "status" : "error",
            "place" : {
              "filePath" : "D:/PixelPerfect/VCM_backup/Customer Management Module/Retesting/Military Information/Customer_Management_Screen5.gspec",
              "lineNumber" : 125
            },
            "name" : "below Military_Status_Input 30px",
            "errors" : [ "\"Branch_of_Service_Input\" is 25px below \"Military_Status_Input\" instead of 30px" ],
            "meta" : [ {
              "from" : {
                "object" : "Branch_of_Service_Input",
                "edge" : "top"
              },
              "to" : {
                "object" : "Military_Status_Input",
                "edge" : "bottom"
              },
              "expectedDistance" : "30px",
              "realDistance" : "25px"
            } ],
            "highlight" : [ "Branch_of_Service_Input", "Military_Status_Input" ]
          }, {
            "status" : "info",
            "place" : {
              "filePath" : "D:/PixelPerfect/VCM_backup/Customer Management Module/Retesting/Military Information/Customer_Management_Screen5.gspec",
              "lineNumber" : 126
            },
            "name" : "aligned vertically all Military_Status_Input",
            "highlight" : [ "Branch_of_Service_Input", "Military_Status_Input" ]
          } ]
        }, {
          "name" : "Rank_Text",
          "specs" : [ {
            "status" : "error",
            "place" : {
              "filePath" : "D:/PixelPerfect/VCM_backup/Customer Management Module/Retesting/Military Information/Customer_Management_Screen5.gspec",
              "lineNumber" : 129
            },
            "name" : "text is \"Rank\"",
            "errors" : [ "\"Rank_Text\" text is \"Rank[Optional]\" but should be \"Rank\"" ],
            "highlight" : [ "Rank_Text" ]
          }, {
            "status" : "info",
            "place" : {
              "filePath" : "D:/PixelPerfect/VCM_backup/Customer Management Module/Retesting/Military Information/Customer_Management_Screen5.gspec",
              "lineNumber" : 130
            },
            "name" : "aligned vertically left Are_You_Currently_Severd_Text",
            "highlight" : [ "Rank_Text", "Are_You_Currently_Severd_Text" ]
          } ]
        }, {
          "name" : "Rank_Input",
          "specs" : [ {
            "status" : "info",
            "place" : {
              "filePath" : "D:/PixelPerfect/VCM_backup/Customer Management Module/Retesting/Military Information/Customer_Management_Screen5.gspec",
              "lineNumber" : 133
            },
            "name" : "aligned vertically all Military_Status_Input",
            "highlight" : [ "Rank_Input", "Military_Status_Input" ]
          } ]
        }, {
          "name" : "Date_of_Service_Text",
          "specs" : [ {
            "status" : "error",
            "place" : {
              "filePath" : "D:/PixelPerfect/VCM_backup/Customer Management Module/Retesting/Military Information/Customer_Management_Screen5.gspec",
              "lineNumber" : 136
            },
            "name" : "text is \"Dates of Service\"",
            "errors" : [ "\"Date_of_Service_Text\" text is \"Dates of Service[optional]\" but should be \"Dates of Service\"" ],
            "highlight" : [ "Date_of_Service_Text" ]
          }, {
            "status" : "info",
            "place" : {
              "filePath" : "D:/PixelPerfect/VCM_backup/Customer Management Module/Retesting/Military Information/Customer_Management_Screen5.gspec",
              "lineNumber" : 137
            },
            "name" : "aligned vertically left Are_You_Currently_Severd_Text",
            "highlight" : [ "Date_of_Service_Text", "Are_You_Currently_Severd_Text" ]
          } ]
        }, {
          "name" : "Date_of_Service_From_Input",
          "specs" : [ {
            "status" : "error",
            "place" : {
              "filePath" : "D:/PixelPerfect/VCM_backup/Customer Management Module/Retesting/Military Information/Customer_Management_Screen5.gspec",
              "lineNumber" : 152
            },
            "name" : "width 160px",
            "errors" : [ "\"Date_of_Service_From_Input\" width is 155px instead of 160px" ],
            "meta" : [ {
              "from" : {
                "object" : "Date_of_Service_From_Input",
                "edge" : "left"
              },
              "to" : {
                "object" : "Date_of_Service_From_Input",
                "edge" : "right"
              },
              "expectedDistance" : "160px",
              "realDistance" : "155px"
            } ],
            "highlight" : [ "Date_of_Service_From_Input" ]
          }, {
            "status" : "info",
            "place" : {
              "filePath" : "D:/PixelPerfect/VCM_backup/Customer Management Module/Retesting/Military Information/Customer_Management_Screen5.gspec",
              "lineNumber" : 153
            },
            "name" : "height 50px",
            "meta" : [ {
              "from" : {
                "object" : "Date_of_Service_From_Input",
                "edge" : "top"
              },
              "to" : {
                "object" : "Date_of_Service_From_Input",
                "edge" : "bottom"
              },
              "expectedDistance" : "50px",
              "realDistance" : "50px"
            } ],
            "highlight" : [ "Date_of_Service_From_Input" ]
          }, {
            "status" : "info",
            "place" : {
              "filePath" : "D:/PixelPerfect/VCM_backup/Customer Management Module/Retesting/Military Information/Customer_Management_Screen5.gspec",
              "lineNumber" : 154
            },
            "name" : "css border is \"1px solid rgb(210, 210, 210)\"",
            "highlight" : [ "Date_of_Service_From_Input" ]
          }, {
            "status" : "info",
            "place" : {
              "filePath" : "D:/PixelPerfect/VCM_backup/Customer Management Module/Retesting/Military Information/Customer_Management_Screen5.gspec",
              "lineNumber" : 156
            },
            "name" : "aligned vertically left Rank_Input",
            "highlight" : [ "Date_of_Service_From_Input", "Rank_Input" ]
          } ]
        }, {
          "name" : "Date_of_Service_From_Input_Format",
          "specs" : [ {
            "status" : "info",
            "place" : {
              "filePath" : "D:/PixelPerfect/VCM_backup/Customer Management Module/Retesting/Military Information/Customer_Management_Screen5.gspec",
              "lineNumber" : 160
            },
            "name" : "css font-size is \"12px\"",
            "highlight" : [ "Date_of_Service_From_Input_Format" ]
          }, {
            "status" : "info",
            "place" : {
              "filePath" : "D:/PixelPerfect/VCM_backup/Customer Management Module/Retesting/Military Information/Customer_Management_Screen5.gspec",
              "lineNumber" : 161
            },
            "name" : "css font-family contains \"benton-sans\"",
            "highlight" : [ "Date_of_Service_From_Input_Format" ]
          }, {
            "status" : "info",
            "place" : {
              "filePath" : "D:/PixelPerfect/VCM_backup/Customer Management Module/Retesting/Military Information/Customer_Management_Screen5.gspec",
              "lineNumber" : 162
            },
            "name" : "css line-height is \"20px\"",
            "highlight" : [ "Date_of_Service_From_Input_Format" ]
          }, {
            "status" : "info",
            "place" : {
              "filePath" : "D:/PixelPerfect/VCM_backup/Customer Management Module/Retesting/Military Information/Customer_Management_Screen5.gspec",
              "lineNumber" : 163
            },
            "name" : "css font-weight is \"600\"",
            "highlight" : [ "Date_of_Service_From_Input_Format" ]
          }, {
            "status" : "info",
            "place" : {
              "filePath" : "D:/PixelPerfect/VCM_backup/Customer Management Module/Retesting/Military Information/Customer_Management_Screen5.gspec",
              "lineNumber" : 164
            },
            "name" : "text is \"MM/DD/YYYY\"",
            "highlight" : [ "Date_of_Service_From_Input_Format" ]
          }, {
            "status" : "info",
            "place" : {
              "filePath" : "D:/PixelPerfect/VCM_backup/Customer Management Module/Retesting/Military Information/Customer_Management_Screen5.gspec",
              "lineNumber" : 165
            },
            "name" : "css color is \"rgba(86, 86, 90, 1)\"",
            "highlight" : [ "Date_of_Service_From_Input_Format" ]
          }, {
            "status" : "info",
            "place" : {
              "filePath" : "D:/PixelPerfect/VCM_backup/Customer Management Module/Retesting/Military Information/Customer_Management_Screen5.gspec",
              "lineNumber" : 166
            },
            "name" : "below Date_of_Service_From_Input 5px",
            "meta" : [ {
              "from" : {
                "object" : "Date_of_Service_From_Input_Format",
                "edge" : "top"
              },
              "to" : {
                "object" : "Date_of_Service_From_Input",
                "edge" : "bottom"
              },
              "expectedDistance" : "5px",
              "realDistance" : "5px"
            } ],
            "highlight" : [ "Date_of_Service_From_Input_Format", "Date_of_Service_From_Input" ]
          }, {
            "status" : "info",
            "place" : {
              "filePath" : "D:/PixelPerfect/VCM_backup/Customer Management Module/Retesting/Military Information/Customer_Management_Screen5.gspec",
              "lineNumber" : 167
            },
            "name" : "aligned vertically left Date_of_Service_From_Input",
            "highlight" : [ "Date_of_Service_From_Input_Format", "Date_of_Service_From_Input" ]
          } ]
        }, {
          "name" : "Date_of_Service_To_Input",
          "specs" : [ {
            "status" : "info",
            "place" : {
              "filePath" : "D:/PixelPerfect/VCM_backup/Customer Management Module/Retesting/Military Information/Customer_Management_Screen5.gspec",
              "lineNumber" : 173
            },
            "name" : "aligned horizontally all Date_of_Service_From_Input",
            "highlight" : [ "Date_of_Service_To_Input", "Date_of_Service_From_Input" ]
          }, {
            "status" : "info",
            "place" : {
              "filePath" : "D:/PixelPerfect/VCM_backup/Customer Management Module/Retesting/Military Information/Customer_Management_Screen5.gspec",
              "lineNumber" : 174
            },
            "name" : "right-of Date_of_Service_From_Input 30px",
            "meta" : [ {
              "from" : {
                "object" : "Date_of_Service_To_Input",
                "edge" : "left"
              },
              "to" : {
                "object" : "Date_of_Service_From_Input",
                "edge" : "right"
              },
              "expectedDistance" : "30px",
              "realDistance" : "30px"
            } ],
            "highlight" : [ "Date_of_Service_To_Input", "Date_of_Service_From_Input" ]
          } ]
        }, {
          "name" : "Date_of_Service_To_Input_Format",
          "specs" : [ {
            "status" : "info",
            "place" : {
              "filePath" : "D:/PixelPerfect/VCM_backup/Customer Management Module/Retesting/Military Information/Customer_Management_Screen5.gspec",
              "lineNumber" : 177
            },
            "name" : "aligned horizontally top Date_of_Service_From_Input_Format",
            "highlight" : [ "Date_of_Service_To_Input_Format", "Date_of_Service_From_Input_Format" ]
          } ]
        }, {
          "name" : "Commission_Date_Text",
          "specs" : [ {
            "status" : "error",
            "place" : {
              "filePath" : "D:/PixelPerfect/VCM_backup/Customer Management Module/Retesting/Military Information/Customer_Management_Screen5.gspec",
              "lineNumber" : 180
            },
            "name" : "text is \"Commission Date\"",
            "errors" : [ "\"Commission_Date_Text\" text is \"Commission Source[Optional]\" but should be \"Commission Date\"" ],
            "highlight" : [ "Commission_Date_Text" ]
          }, {
            "status" : "info",
            "place" : {
              "filePath" : "D:/PixelPerfect/VCM_backup/Customer Management Module/Retesting/Military Information/Customer_Management_Screen5.gspec",
              "lineNumber" : 181
            },
            "name" : "aligned vertically left Are_You_Currently_Severd_Text",
            "highlight" : [ "Commission_Date_Text", "Are_You_Currently_Severd_Text" ]
          } ]
        }, {
          "name" : "Commission_Date_Input",
          "specs" : [ {
            "status" : "info",
            "place" : {
              "filePath" : "D:/PixelPerfect/VCM_backup/Customer Management Module/Retesting/Military Information/Customer_Management_Screen5.gspec",
              "lineNumber" : 184
            },
            "name" : "aligned vertically all Military_Status_Input",
            "highlight" : [ "Commission_Date_Input", "Military_Status_Input" ]
          } ]
        }, {
          "name" : "Commission_Date_Input_Format",
          "specs" : [ {
            "status" : "error",
            "place" : {
              "filePath" : "D:/PixelPerfect/VCM_backup/Customer Management Module/Retesting/Military Information/Customer_Management_Screen5.gspec",
              "lineNumber" : 187
            },
            "name" : "visible",
            "errors" : [ "\"Commission_Date_Input_Format\" is absent on page" ],
            "highlight" : [ ]
          } ]
        }, {
          "name" : "Information_Collected_Text",
          "specs" : [ {
            "status" : "info",
            "place" : {
              "filePath" : "D:/PixelPerfect/VCM_backup/Customer Management Module/Retesting/Military Information/Customer_Management_Screen5.gspec",
              "lineNumber" : 200
            },
            "name" : "css font-size is \"16px\"",
            "highlight" : [ "Information_Collected_Text" ]
          }, {
            "status" : "info",
            "place" : {
              "filePath" : "D:/PixelPerfect/VCM_backup/Customer Management Module/Retesting/Military Information/Customer_Management_Screen5.gspec",
              "lineNumber" : 201
            },
            "name" : "css font-family contains \"benton-sans\"",
            "highlight" : [ "Information_Collected_Text" ]
          }, {
            "status" : "error",
            "place" : {
              "filePath" : "D:/PixelPerfect/VCM_backup/Customer Management Module/Retesting/Military Information/Customer_Management_Screen5.gspec",
              "lineNumber" : 202
            },
            "name" : "css line-height is \"22px\"",
            "errors" : [ "\"Information_Collected_Text\" css property \"line-height\" is \"24px\" but should be \"22px\"" ],
            "highlight" : [ "Information_Collected_Text" ]
          }, {
            "status" : "error",
            "place" : {
              "filePath" : "D:/PixelPerfect/VCM_backup/Customer Management Module/Retesting/Military Information/Customer_Management_Screen5.gspec",
              "lineNumber" : 203
            },
            "name" : "css font-weight is \"600\"",
            "errors" : [ "\"Information_Collected_Text\" css property \"font-weight\" is \"400\" but should be \"600\"" ],
            "highlight" : [ "Information_Collected_Text" ]
          }, {
            "status" : "error",
            "place" : {
              "filePath" : "D:/PixelPerfect/VCM_backup/Customer Management Module/Retesting/Military Information/Customer_Management_Screen5.gspec",
              "lineNumber" : 204
            },
            "name" : "text is \"This information is collected on behalf of each of the VCM companies, and will be used for business purpose, including identification, verification of eligibility, and to market their products and services\"",
            "errors" : [ "\"Information_Collected_Text\" text is \"This information is collected on behalf of each of the VCM companies, and will be used for business purpose,\" but should be \"This information is collected on behalf of each of the VCM companies, and will be used for business purpose, including identification, verification of eligibility, and to market their products and services\"" ],
            "highlight" : [ "Information_Collected_Text" ]
          }, {
            "status" : "error",
            "place" : {
              "filePath" : "D:/PixelPerfect/VCM_backup/Customer Management Module/Retesting/Military Information/Customer_Management_Screen5.gspec",
              "lineNumber" : 205
            },
            "name" : "css color is \"rgba(73, 73, 74, 1)\"",
            "errors" : [ "\"Information_Collected_Text\" css property \"color\" is \"rgba(86, 86, 90, 1)\" but should be \"rgba(73, 73, 74, 1)\"" ],
            "highlight" : [ "Information_Collected_Text" ]
          } ]
        }, {
          "name" : "Cancel_Button",
          "specs" : [ {
            "status" : "error",
            "place" : {
              "filePath" : "D:/PixelPerfect/VCM_backup/Customer Management Module/Retesting/Military Information/Customer_Management_Screen5.gspec",
              "lineNumber" : 209
            },
            "name" : "absent",
            "errors" : [ "\"Cancel_Button\" is not absent on page" ],
            "highlight" : [ "Cancel_Button" ]
          } ]
        }, {
          "name" : "Save_Icon",
          "specs" : [ {
            "status" : "error",
            "place" : {
              "filePath" : "D:/PixelPerfect/VCM_backup/Customer Management Module/Retesting/Military Information/Customer_Management_Screen5.gspec",
              "lineNumber" : 209
            },
            "name" : "absent",
            "errors" : [ "\"Save_Icon\" is not absent on page" ],
            "highlight" : [ "Save_Icon" ]
          } ]
        }, {
          "name" : "Save_Button",
          "specs" : [ {
            "status" : "error",
            "place" : {
              "filePath" : "D:/PixelPerfect/VCM_backup/Customer Management Module/Retesting/Military Information/Customer_Management_Screen5.gspec",
              "lineNumber" : 212
            },
            "name" : "visible",
            "errors" : [ "\"Save_Button\" is absent on page" ],
            "highlight" : [ ]
          } ]
        } ]
      } ],
      "objects" : {
        "Rank_Text" : {
          "area" : [ 128, 612, 370, 21 ]
        },
        "Date_of_Service_To_Input_Format" : {
          "area" : [ 683, 753, 155, 20 ]
        },
        "Profile_Breadcrum" : {
          "area" : [ 128, 119, 37, 16 ]
        },
        "Date_of_Service_Text" : {
          "area" : [ 128, 738, 370, 19 ]
        },
        "Military_Info_Title" : {
          "area" : [ 128, 221, 425, 41 ]
        },
        "Commission_Date_Input" : {
          "area" : [ 498, 823, 370, 50 ]
        },
        "Military_Status_Text" : {
          "area" : [ 128, 462, 370, 21 ]
        },
        "Date_of_Service_From_Input" : {
          "area" : [ 498, 698, 155, 50 ]
        },
        "Military_Content" : {
          "area" : [ 128, 292, 1110, 56 ]
        },
        "Date_of_Service_To_Input" : {
          "area" : [ 683, 698, 155, 50 ]
        },
        "Military_Info_Breadcrum" : {
          "area" : [ 315, 119, 114, 16 ]
        },
        "Commission_Date_Text" : {
          "area" : [ 128, 831, 370, 34 ]
        },
        "Branch_of_Service_Text" : {
          "area" : [ 128, 537, 370, 21 ]
        },
        "Save_Icon" : {
          "area" : [ 1168, 898, 69, 32 ]
        },
        "Are_You_Currently_Severd_Text" : {
          "area" : [ 128, 378, 370, 40 ]
        },
        "Date_of_Service_From_Input_Format" : {
          "area" : [ 498, 753, 155, 20 ]
        },
        "Branch_of_Service_Input" : {
          "area" : [ 498, 523, 370, 50 ]
        },
        "Are_You_Currently_Severd_Input" : {
          "area" : [ 503, 378, 50, 26 ]
        },
        "Cancel_Button" : {
          "area" : [ 128, 898, 160, 50 ]
        },
        "Logo" : {
          "area" : [ 128, 14, 186, 74 ]
        },
        "Rank_Input" : {
          "area" : [ 498, 598, 370, 50 ]
        },
        "Military_Status_Input" : {
          "area" : [ 498, 448, 370, 50 ]
        },
        "Information_Collected_Text" : {
          "area" : [ 128, 986, 1110, 24 ]
        },
        "All_Fields_are_required_Text" : {
          "area" : [ 128, 177, 1110, 24 ]
        },
        "Basic_Info_Breadcrum" : {
          "area" : [ 189, 119, 102, 16 ]
        }
      },
      "screenshot" : "layout-1-screenshot.png",
      "type" : "layout"
    } ]
  }
}