{
  "testId" : "1-add-contact-information",
  "name" : "Add Contact Information",
  "report" : {
    "nodes" : [ {
      "name" : "Check layout: D:/PixelPerfect/VCM_backup/Customer Management Module/Retesting/Add Contact Information/Customer_Management_Screen4.gspec included tags: desktop",
      "status" : "error",
      "time" : 1586943872885,
      "includedTags" : [ "desktop" ],
      "sections" : [ {
        "name" : "=Customer Management Module Screen 4=",
        "place" : {
          "filePath" : "D:/PixelPerfect/VCM_backup/Customer Management Module/Retesting/Add Contact Information/Customer_Management_Screen4.gspec",
          "lineNumber" : 42
        },
        "objects" : [ {
          "name" : "Profile_Breadcrum",
          "specs" : [ {
            "status" : "info",
            "place" : {
              "filePath" : "D:/PixelPerfect/VCM_backup/Customer Management Module/Retesting/Add Contact Information/Customer_Management_Screen4.gspec",
              "lineNumber" : 44
            },
            "name" : "text is \"Profile\"",
            "highlight" : [ "Profile_Breadcrum" ]
          }, {
            "status" : "info",
            "place" : {
              "filePath" : "D:/PixelPerfect/VCM_backup/Customer Management Module/Retesting/Add Contact Information/Customer_Management_Screen4.gspec",
              "lineNumber" : 45
            },
            "name" : "aligned vertically left Logo",
            "highlight" : [ "Profile_Breadcrum", "Logo" ]
          }, {
            "status" : "error",
            "place" : {
              "filePath" : "D:/PixelPerfect/VCM_backup/Customer Management Module/Retesting/Add Contact Information/Customer_Management_Screen4.gspec",
              "lineNumber" : 46
            },
            "name" : "below Header 20px",
            "errors" : [ "\"Profile_Breadcrum\" is 19px below \"Header\" instead of 20px" ],
            "meta" : [ {
              "from" : {
                "object" : "Profile_Breadcrum",
                "edge" : "top"
              },
              "to" : {
                "object" : "Header",
                "edge" : "bottom"
              },
              "expectedDistance" : "20px",
              "realDistance" : "19px"
            } ],
            "highlight" : [ "Profile_Breadcrum", "Header" ]
          }, {
            "status" : "info",
            "place" : {
              "filePath" : "D:/PixelPerfect/VCM_backup/Customer Management Module/Retesting/Add Contact Information/Customer_Management_Screen4.gspec",
              "lineNumber" : 47
            },
            "name" : "css text-decoration is \"underline solid rgb(0, 74, 152)\"",
            "highlight" : [ "Profile_Breadcrum" ]
          } ]
        }, {
          "name" : "Basic_Info_Breadcrum",
          "specs" : [ {
            "status" : "info",
            "place" : {
              "filePath" : "D:/PixelPerfect/VCM_backup/Customer Management Module/Retesting/Add Contact Information/Customer_Management_Screen4.gspec",
              "lineNumber" : 51
            },
            "name" : "text is \"Basic Information\"",
            "highlight" : [ "Basic_Info_Breadcrum" ]
          }, {
            "status" : "info",
            "place" : {
              "filePath" : "D:/PixelPerfect/VCM_backup/Customer Management Module/Retesting/Add Contact Information/Customer_Management_Screen4.gspec",
              "lineNumber" : 52
            },
            "name" : "css color is \"rgba(0, 74, 152, 1)\"",
            "highlight" : [ "Basic_Info_Breadcrum" ]
          }, {
            "status" : "info",
            "place" : {
              "filePath" : "D:/PixelPerfect/VCM_backup/Customer Management Module/Retesting/Add Contact Information/Customer_Management_Screen4.gspec",
              "lineNumber" : 53
            },
            "name" : "aligned horizontally all Profile_Breadcrum",
            "highlight" : [ "Basic_Info_Breadcrum", "Profile_Breadcrum" ]
          } ]
        }, {
          "name" : "Manage_Contact_Info_Breadcrum",
          "specs" : [ {
            "status" : "info",
            "place" : {
              "filePath" : "D:/PixelPerfect/VCM_backup/Customer Management Module/Retesting/Add Contact Information/Customer_Management_Screen4.gspec",
              "lineNumber" : 57
            },
            "name" : "text is \"Manage Contact Information\"",
            "highlight" : [ "Manage_Contact_Info_Breadcrum" ]
          }, {
            "status" : "info",
            "place" : {
              "filePath" : "D:/PixelPerfect/VCM_backup/Customer Management Module/Retesting/Add Contact Information/Customer_Management_Screen4.gspec",
              "lineNumber" : 58
            },
            "name" : "css color is \"rgba(0, 74, 152, 1)\"",
            "highlight" : [ "Manage_Contact_Info_Breadcrum" ]
          }, {
            "status" : "info",
            "place" : {
              "filePath" : "D:/PixelPerfect/VCM_backup/Customer Management Module/Retesting/Add Contact Information/Customer_Management_Screen4.gspec",
              "lineNumber" : 59
            },
            "name" : "aligned horizontally all Profile_Breadcrum",
            "highlight" : [ "Manage_Contact_Info_Breadcrum", "Profile_Breadcrum" ]
          } ]
        }, {
          "name" : "Edit_Contact_Info_Breadcrum",
          "specs" : [ {
            "status" : "info",
            "place" : {
              "filePath" : "D:/PixelPerfect/VCM_backup/Customer Management Module/Retesting/Add Contact Information/Customer_Management_Screen4.gspec",
              "lineNumber" : 62
            },
            "name" : "css line-height is \"20px\"",
            "highlight" : [ "Edit_Contact_Info_Breadcrum" ]
          }, {
            "status" : "error",
            "place" : {
              "filePath" : "D:/PixelPerfect/VCM_backup/Customer Management Module/Retesting/Add Contact Information/Customer_Management_Screen4.gspec",
              "lineNumber" : 63
            },
            "name" : "text is \"Edit Contact Information\"",
            "errors" : [ "\"Edit_Contact_Info_Breadcrum\" text is \"Add Contact Information\" but should be \"Edit Contact Information\"" ],
            "highlight" : [ "Edit_Contact_Info_Breadcrum" ]
          }, {
            "status" : "info",
            "place" : {
              "filePath" : "D:/PixelPerfect/VCM_backup/Customer Management Module/Retesting/Add Contact Information/Customer_Management_Screen4.gspec",
              "lineNumber" : 64
            },
            "name" : "css color is \"rgba(86, 86, 90, 1)\"",
            "highlight" : [ "Edit_Contact_Info_Breadcrum" ]
          }, {
            "status" : "info",
            "place" : {
              "filePath" : "D:/PixelPerfect/VCM_backup/Customer Management Module/Retesting/Add Contact Information/Customer_Management_Screen4.gspec",
              "lineNumber" : 65
            },
            "name" : "aligned horizontally all Basic_Info_Breadcrum",
            "highlight" : [ "Edit_Contact_Info_Breadcrum", "Basic_Info_Breadcrum" ]
          } ]
        }, {
          "name" : "Add_Contact_Info_Title",
          "specs" : [ {
            "status" : "info",
            "place" : {
              "filePath" : "D:/PixelPerfect/VCM_backup/Customer Management Module/Retesting/Add Contact Information/Customer_Management_Screen4.gspec",
              "lineNumber" : 68
            },
            "name" : "text is \"Add Contact Information\"",
            "highlight" : [ "Add_Contact_Info_Title" ]
          }, {
            "status" : "info",
            "place" : {
              "filePath" : "D:/PixelPerfect/VCM_backup/Customer Management Module/Retesting/Add Contact Information/Customer_Management_Screen4.gspec",
              "lineNumber" : 69
            },
            "name" : "css color is \"rgba(72, 109, 144, 1)\"",
            "highlight" : [ "Add_Contact_Info_Title" ]
          }, {
            "status" : "info",
            "place" : {
              "filePath" : "D:/PixelPerfect/VCM_backup/Customer Management Module/Retesting/Add Contact Information/Customer_Management_Screen4.gspec",
              "lineNumber" : 71
            },
            "name" : "css font-size is \"30px\"",
            "highlight" : [ "Add_Contact_Info_Title" ]
          }, {
            "status" : "info",
            "place" : {
              "filePath" : "D:/PixelPerfect/VCM_backup/Customer Management Module/Retesting/Add Contact Information/Customer_Management_Screen4.gspec",
              "lineNumber" : 72
            },
            "name" : "css font-family contains \"yorkten-slab-normal\"",
            "highlight" : [ "Add_Contact_Info_Title" ]
          }, {
            "status" : "info",
            "place" : {
              "filePath" : "D:/PixelPerfect/VCM_backup/Customer Management Module/Retesting/Add Contact Information/Customer_Management_Screen4.gspec",
              "lineNumber" : 73
            },
            "name" : "css line-height is \"36px\"",
            "highlight" : [ "Add_Contact_Info_Title" ]
          }, {
            "status" : "info",
            "place" : {
              "filePath" : "D:/PixelPerfect/VCM_backup/Customer Management Module/Retesting/Add Contact Information/Customer_Management_Screen4.gspec",
              "lineNumber" : 74
            },
            "name" : "css font-weight is \"800\"",
            "highlight" : [ "Add_Contact_Info_Title" ]
          }, {
            "status" : "info",
            "place" : {
              "filePath" : "D:/PixelPerfect/VCM_backup/Customer Management Module/Retesting/Add Contact Information/Customer_Management_Screen4.gspec",
              "lineNumber" : 75
            },
            "name" : "css text-align is \"left\"",
            "highlight" : [ "Add_Contact_Info_Title" ]
          }, {
            "status" : "info",
            "place" : {
              "filePath" : "D:/PixelPerfect/VCM_backup/Customer Management Module/Retesting/Add Contact Information/Customer_Management_Screen4.gspec",
              "lineNumber" : 76
            },
            "name" : "aligned vertically left Profile_Breadcrum",
            "highlight" : [ "Add_Contact_Info_Title", "Profile_Breadcrum" ]
          }, {
            "status" : "error",
            "place" : {
              "filePath" : "D:/PixelPerfect/VCM_backup/Customer Management Module/Retesting/Add Contact Information/Customer_Management_Screen4.gspec",
              "lineNumber" : 77
            },
            "name" : "below Profile_Breadcrum 40px",
            "errors" : [ "\"Add_Contact_Info_Title\" is 86px below \"Profile_Breadcrum\" instead of 40px" ],
            "meta" : [ {
              "from" : {
                "object" : "Add_Contact_Info_Title",
                "edge" : "top"
              },
              "to" : {
                "object" : "Profile_Breadcrum",
                "edge" : "bottom"
              },
              "expectedDistance" : "40px",
              "realDistance" : "86px"
            } ],
            "highlight" : [ "Add_Contact_Info_Title", "Profile_Breadcrum" ]
          }, {
            "status" : "info",
            "place" : {
              "filePath" : "D:/PixelPerfect/VCM_backup/Customer Management Module/Retesting/Add Contact Information/Customer_Management_Screen4.gspec",
              "lineNumber" : 78
            },
            "name" : "css border-bottom is \"2px solid rgb(139, 193, 5)\"",
            "highlight" : [ "Add_Contact_Info_Title" ]
          } ]
        }, {
          "name" : "All_Fields_are_Required_Text",
          "specs" : [ {
            "status" : "error",
            "place" : {
              "filePath" : "D:/PixelPerfect/VCM_backup/Customer Management Module/Retesting/Add Contact Information/Customer_Management_Screen4.gspec",
              "lineNumber" : 81
            },
            "name" : "text is \"* All fields are required unless mentioned optional\"",
            "errors" : [ "\"All_Fields_are_Required_Text\" text is \"* All fields are required except mentioned optional\" but should be \"* All fields are required unless mentioned optional\"" ],
            "highlight" : [ "All_Fields_are_Required_Text" ]
          }, {
            "status" : "info",
            "place" : {
              "filePath" : "D:/PixelPerfect/VCM_backup/Customer Management Module/Retesting/Add Contact Information/Customer_Management_Screen4.gspec",
              "lineNumber" : 82
            },
            "name" : "css color is \"rgba(86, 86, 90, 1)\"",
            "highlight" : [ "All_Fields_are_Required_Text" ]
          }, {
            "status" : "info",
            "place" : {
              "filePath" : "D:/PixelPerfect/VCM_backup/Customer Management Module/Retesting/Add Contact Information/Customer_Management_Screen4.gspec",
              "lineNumber" : 84
            },
            "name" : "css font-size is \"16px\"",
            "highlight" : [ "All_Fields_are_Required_Text" ]
          }, {
            "status" : "info",
            "place" : {
              "filePath" : "D:/PixelPerfect/VCM_backup/Customer Management Module/Retesting/Add Contact Information/Customer_Management_Screen4.gspec",
              "lineNumber" : 85
            },
            "name" : "css font-family contains \"benton-sans\"",
            "highlight" : [ "All_Fields_are_Required_Text" ]
          }, {
            "status" : "error",
            "place" : {
              "filePath" : "D:/PixelPerfect/VCM_backup/Customer Management Module/Retesting/Add Contact Information/Customer_Management_Screen4.gspec",
              "lineNumber" : 86
            },
            "name" : "css line-height is \"20px\"",
            "errors" : [ "\"All_Fields_are_Required_Text\" css property \"line-height\" is \"24px\" but should be \"20px\"" ],
            "highlight" : [ "All_Fields_are_Required_Text" ]
          }, {
            "status" : "error",
            "place" : {
              "filePath" : "D:/PixelPerfect/VCM_backup/Customer Management Module/Retesting/Add Contact Information/Customer_Management_Screen4.gspec",
              "lineNumber" : 87
            },
            "name" : "css font-weight is \"500\"",
            "errors" : [ "\"All_Fields_are_Required_Text\" css property \"font-weight\" is \"400\" but should be \"500\"" ],
            "highlight" : [ "All_Fields_are_Required_Text" ]
          }, {
            "status" : "info",
            "place" : {
              "filePath" : "D:/PixelPerfect/VCM_backup/Customer Management Module/Retesting/Add Contact Information/Customer_Management_Screen4.gspec",
              "lineNumber" : 88
            },
            "name" : "css text-align is \"right\"",
            "highlight" : [ "All_Fields_are_Required_Text" ]
          }, {
            "status" : "error",
            "place" : {
              "filePath" : "D:/PixelPerfect/VCM_backup/Customer Management Module/Retesting/Add Contact Information/Customer_Management_Screen4.gspec",
              "lineNumber" : 89
            },
            "name" : "below Add_Contact_Info_Title 30px",
            "errors" : [ "\"All_Fields_are_Required_Text\" is -85px below \"Add_Contact_Info_Title\" instead of 30px" ],
            "meta" : [ {
              "from" : {
                "object" : "All_Fields_are_Required_Text",
                "edge" : "top"
              },
              "to" : {
                "object" : "Add_Contact_Info_Title",
                "edge" : "bottom"
              },
              "expectedDistance" : "30px",
              "realDistance" : "-85px"
            } ],
            "highlight" : [ "All_Fields_are_Required_Text", "Add_Contact_Info_Title" ]
          } ]
        }, {
          "name" : "Address_Type_Text",
          "specs" : [ {
            "status" : "info",
            "place" : {
              "filePath" : "D:/PixelPerfect/VCM_backup/Customer Management Module/Retesting/Add Contact Information/Customer_Management_Screen4.gspec",
              "lineNumber" : 92
            },
            "name" : "text is \"Address Type\"",
            "highlight" : [ "Address_Type_Text" ]
          }, {
            "status" : "error",
            "place" : {
              "filePath" : "D:/PixelPerfect/VCM_backup/Customer Management Module/Retesting/Add Contact Information/Customer_Management_Screen4.gspec",
              "lineNumber" : 93
            },
            "name" : "css color is \"rgba(73, 73, 74, 1)\"",
            "errors" : [ "\"Address_Type_Text\" css property \"color\" is \"rgba(86, 86, 90, 1)\" but should be \"rgba(73, 73, 74, 1)\"" ],
            "highlight" : [ "Address_Type_Text" ]
          }, {
            "status" : "info",
            "place" : {
              "filePath" : "D:/PixelPerfect/VCM_backup/Customer Management Module/Retesting/Add Contact Information/Customer_Management_Screen4.gspec",
              "lineNumber" : 95
            },
            "name" : "css font-size is \"16px\"",
            "highlight" : [ "Address_Type_Text" ]
          }, {
            "status" : "info",
            "place" : {
              "filePath" : "D:/PixelPerfect/VCM_backup/Customer Management Module/Retesting/Add Contact Information/Customer_Management_Screen4.gspec",
              "lineNumber" : 96
            },
            "name" : "css font-family contains \"benton-sans\"",
            "highlight" : [ "Address_Type_Text" ]
          }, {
            "status" : "error",
            "place" : {
              "filePath" : "D:/PixelPerfect/VCM_backup/Customer Management Module/Retesting/Add Contact Information/Customer_Management_Screen4.gspec",
              "lineNumber" : 97
            },
            "name" : "css line-height is \"20px\"",
            "errors" : [ "\"Address_Type_Text\" css property \"line-height\" is \"24px\" but should be \"20px\"" ],
            "highlight" : [ "Address_Type_Text" ]
          }, {
            "status" : "info",
            "place" : {
              "filePath" : "D:/PixelPerfect/VCM_backup/Customer Management Module/Retesting/Add Contact Information/Customer_Management_Screen4.gspec",
              "lineNumber" : 98
            },
            "name" : "css font-weight is \"600\"",
            "highlight" : [ "Address_Type_Text" ]
          }, {
            "status" : "info",
            "place" : {
              "filePath" : "D:/PixelPerfect/VCM_backup/Customer Management Module/Retesting/Add Contact Information/Customer_Management_Screen4.gspec",
              "lineNumber" : 99
            },
            "name" : "css text-align is \"left\"",
            "highlight" : [ "Address_Type_Text" ]
          }, {
            "status" : "error",
            "place" : {
              "filePath" : "D:/PixelPerfect/VCM_backup/Customer Management Module/Retesting/Add Contact Information/Customer_Management_Screen4.gspec",
              "lineNumber" : 100
            },
            "name" : "below Add_Contact_Info_Title 57px",
            "errors" : [ "\"Address_Type_Text\" is 30px below \"Add_Contact_Info_Title\" instead of 57px" ],
            "meta" : [ {
              "from" : {
                "object" : "Address_Type_Text",
                "edge" : "top"
              },
              "to" : {
                "object" : "Add_Contact_Info_Title",
                "edge" : "bottom"
              },
              "expectedDistance" : "57px",
              "realDistance" : "30px"
            } ],
            "highlight" : [ "Address_Type_Text", "Add_Contact_Info_Title" ]
          }, {
            "status" : "info",
            "place" : {
              "filePath" : "D:/PixelPerfect/VCM_backup/Customer Management Module/Retesting/Add Contact Information/Customer_Management_Screen4.gspec",
              "lineNumber" : 101
            },
            "name" : "aligned vertically left Add_Contact_Info_Title",
            "highlight" : [ "Address_Type_Text", "Add_Contact_Info_Title" ]
          } ]
        }, {
          "name" : "US_Icon",
          "specs" : [ {
            "status" : "info",
            "place" : {
              "filePath" : "D:/PixelPerfect/VCM_backup/Customer Management Module/Retesting/Add Contact Information/Customer_Management_Screen4.gspec",
              "lineNumber" : 104
            },
            "name" : "width 20px",
            "meta" : [ {
              "from" : {
                "object" : "US_Icon",
                "edge" : "left"
              },
              "to" : {
                "object" : "US_Icon",
                "edge" : "right"
              },
              "expectedDistance" : "20px",
              "realDistance" : "20px"
            } ],
            "highlight" : [ "US_Icon" ]
          }, {
            "status" : "info",
            "place" : {
              "filePath" : "D:/PixelPerfect/VCM_backup/Customer Management Module/Retesting/Add Contact Information/Customer_Management_Screen4.gspec",
              "lineNumber" : 105
            },
            "name" : "height 20px",
            "meta" : [ {
              "from" : {
                "object" : "US_Icon",
                "edge" : "top"
              },
              "to" : {
                "object" : "US_Icon",
                "edge" : "bottom"
              },
              "expectedDistance" : "20px",
              "realDistance" : "20px"
            } ],
            "highlight" : [ "US_Icon" ]
          }, {
            "status" : "info",
            "place" : {
              "filePath" : "D:/PixelPerfect/VCM_backup/Customer Management Module/Retesting/Add Contact Information/Customer_Management_Screen4.gspec",
              "lineNumber" : 107
            },
            "name" : "aligned horizontally top Address_Type_Text",
            "highlight" : [ "US_Icon", "Address_Type_Text" ]
          } ]
        }, {
          "name" : "US_Text",
          "specs" : [ {
            "status" : "error",
            "place" : {
              "filePath" : "D:/PixelPerfect/VCM_backup/Customer Management Module/Retesting/Add Contact Information/Customer_Management_Screen4.gspec",
              "lineNumber" : 110
            },
            "name" : "text is \"U.S. or U.S. Territories\"",
            "errors" : [ "\"US_Text\" text is \"U.S or U.S Territories\" but should be \"U.S. or U.S. Territories\"" ],
            "highlight" : [ "US_Text" ]
          }, {
            "status" : "info",
            "place" : {
              "filePath" : "D:/PixelPerfect/VCM_backup/Customer Management Module/Retesting/Add Contact Information/Customer_Management_Screen4.gspec",
              "lineNumber" : 111
            },
            "name" : "css color is \"rgba(73, 73, 74, 1)\"",
            "highlight" : [ "US_Text" ]
          }, {
            "status" : "info",
            "place" : {
              "filePath" : "D:/PixelPerfect/VCM_backup/Customer Management Module/Retesting/Add Contact Information/Customer_Management_Screen4.gspec",
              "lineNumber" : 113
            },
            "name" : "css font-size is \"16px\"",
            "highlight" : [ "US_Text" ]
          }, {
            "status" : "info",
            "place" : {
              "filePath" : "D:/PixelPerfect/VCM_backup/Customer Management Module/Retesting/Add Contact Information/Customer_Management_Screen4.gspec",
              "lineNumber" : 114
            },
            "name" : "css font-family contains \"benton-sans\"",
            "highlight" : [ "US_Text" ]
          }, {
            "status" : "error",
            "place" : {
              "filePath" : "D:/PixelPerfect/VCM_backup/Customer Management Module/Retesting/Add Contact Information/Customer_Management_Screen4.gspec",
              "lineNumber" : 115
            },
            "name" : "css line-height is \"20px\"",
            "errors" : [ "\"US_Text\" css property \"line-height\" is \"19px\" but should be \"20px\"" ],
            "highlight" : [ "US_Text" ]
          }, {
            "status" : "info",
            "place" : {
              "filePath" : "D:/PixelPerfect/VCM_backup/Customer Management Module/Retesting/Add Contact Information/Customer_Management_Screen4.gspec",
              "lineNumber" : 116
            },
            "name" : "css font-weight is \"500\"",
            "highlight" : [ "US_Text" ]
          }, {
            "status" : "info",
            "place" : {
              "filePath" : "D:/PixelPerfect/VCM_backup/Customer Management Module/Retesting/Add Contact Information/Customer_Management_Screen4.gspec",
              "lineNumber" : 117
            },
            "name" : "css text-align is \"left\"",
            "highlight" : [ "US_Text" ]
          }, {
            "status" : "info",
            "place" : {
              "filePath" : "D:/PixelPerfect/VCM_backup/Customer Management Module/Retesting/Add Contact Information/Customer_Management_Screen4.gspec",
              "lineNumber" : 118
            },
            "name" : "aligned horizontally top US_Icon 1px",
            "highlight" : [ "US_Text", "US_Icon" ]
          } ]
        }, {
          "name" : "APO_Icon",
          "specs" : [ {
            "status" : "info",
            "place" : {
              "filePath" : "D:/PixelPerfect/VCM_backup/Customer Management Module/Retesting/Add Contact Information/Customer_Management_Screen4.gspec",
              "lineNumber" : 121
            },
            "name" : "aligned vertically all US_Icon",
            "highlight" : [ "APO_Icon", "US_Icon" ]
          }, {
            "status" : "error",
            "place" : {
              "filePath" : "D:/PixelPerfect/VCM_backup/Customer Management Module/Retesting/Add Contact Information/Customer_Management_Screen4.gspec",
              "lineNumber" : 122
            },
            "name" : "below US_Icon 30px",
            "errors" : [ "\"APO_Icon\" is 17px below \"US_Icon\" instead of 30px" ],
            "meta" : [ {
              "from" : {
                "object" : "APO_Icon",
                "edge" : "top"
              },
              "to" : {
                "object" : "US_Icon",
                "edge" : "bottom"
              },
              "expectedDistance" : "30px",
              "realDistance" : "17px"
            } ],
            "highlight" : [ "APO_Icon", "US_Icon" ]
          } ]
        }, {
          "name" : "APO_Text",
          "specs" : [ {
            "status" : "error",
            "place" : {
              "filePath" : "D:/PixelPerfect/VCM_backup/Customer Management Module/Retesting/Add Contact Information/Customer_Management_Screen4.gspec",
              "lineNumber" : 125
            },
            "name" : "text is \"APO (Army or Air Force Post Office)\"",
            "errors" : [ "\"APO_Text\" text is \"APO(Army or Air Force Post Office)\" but should be \"APO (Army or Air Force Post Office)\"" ],
            "highlight" : [ "APO_Text" ]
          }, {
            "status" : "info",
            "place" : {
              "filePath" : "D:/PixelPerfect/VCM_backup/Customer Management Module/Retesting/Add Contact Information/Customer_Management_Screen4.gspec",
              "lineNumber" : 126
            },
            "name" : "aligned vertically left US_Text",
            "highlight" : [ "APO_Text", "US_Text" ]
          } ]
        }, {
          "name" : "FPO_Icon",
          "specs" : [ {
            "status" : "info",
            "place" : {
              "filePath" : "D:/PixelPerfect/VCM_backup/Customer Management Module/Retesting/Add Contact Information/Customer_Management_Screen4.gspec",
              "lineNumber" : 129
            },
            "name" : "aligned vertically all US_Icon",
            "highlight" : [ "FPO_Icon", "US_Icon" ]
          } ]
        }, {
          "name" : "FPO_Text",
          "specs" : [ {
            "status" : "error",
            "place" : {
              "filePath" : "D:/PixelPerfect/VCM_backup/Customer Management Module/Retesting/Add Contact Information/Customer_Management_Screen4.gspec",
              "lineNumber" : 132
            },
            "name" : "text is \"FPO (Fleet Post Office)\"",
            "errors" : [ "\"FPO_Text\" text is \"FPO(Fleet Post Office)\" but should be \"FPO (Fleet Post Office)\"" ],
            "highlight" : [ "FPO_Text" ]
          }, {
            "status" : "info",
            "place" : {
              "filePath" : "D:/PixelPerfect/VCM_backup/Customer Management Module/Retesting/Add Contact Information/Customer_Management_Screen4.gspec",
              "lineNumber" : 133
            },
            "name" : "aligned vertically left US_Text",
            "highlight" : [ "FPO_Text", "US_Text" ]
          } ]
        }, {
          "name" : "DPO_Icon",
          "specs" : [ {
            "status" : "info",
            "place" : {
              "filePath" : "D:/PixelPerfect/VCM_backup/Customer Management Module/Retesting/Add Contact Information/Customer_Management_Screen4.gspec",
              "lineNumber" : 136
            },
            "name" : "aligned vertically all US_Icon",
            "highlight" : [ "DPO_Icon", "US_Icon" ]
          } ]
        }, {
          "name" : "DPO_Text",
          "specs" : [ {
            "status" : "error",
            "place" : {
              "filePath" : "D:/PixelPerfect/VCM_backup/Customer Management Module/Retesting/Add Contact Information/Customer_Management_Screen4.gspec",
              "lineNumber" : 139
            },
            "name" : "text is \"DPO (Diplomatic Post Office)\"",
            "errors" : [ "\"DPO_Text\" text is \"DPO(Diplomatic Post Office)\" but should be \"DPO (Diplomatic Post Office)\"" ],
            "highlight" : [ "DPO_Text" ]
          }, {
            "status" : "info",
            "place" : {
              "filePath" : "D:/PixelPerfect/VCM_backup/Customer Management Module/Retesting/Add Contact Information/Customer_Management_Screen4.gspec",
              "lineNumber" : 140
            },
            "name" : "aligned vertically left US_Text",
            "highlight" : [ "DPO_Text", "US_Text" ]
          } ]
        }, {
          "name" : "Address_Line_1_Text",
          "specs" : [ {
            "status" : "error",
            "place" : {
              "filePath" : "D:/PixelPerfect/VCM_backup/Customer Management Module/Retesting/Add Contact Information/Customer_Management_Screen4.gspec",
              "lineNumber" : 143
            },
            "name" : "text is \"Address Line 1\"",
            "errors" : [ "\"Address_Line_1_Text\" text is \"Address Line 1[Optional]\" but should be \"Address Line 1\"" ],
            "highlight" : [ "Address_Line_1_Text" ]
          }, {
            "status" : "info",
            "place" : {
              "filePath" : "D:/PixelPerfect/VCM_backup/Customer Management Module/Retesting/Add Contact Information/Customer_Management_Screen4.gspec",
              "lineNumber" : 144
            },
            "name" : "aligned vertically left Address_Type_Text",
            "highlight" : [ "Address_Line_1_Text", "Address_Type_Text" ]
          } ]
        }, {
          "name" : "Address_Line_1_Input",
          "specs" : [ {
            "status" : "error",
            "place" : {
              "filePath" : "D:/PixelPerfect/VCM_backup/Customer Management Module/Retesting/Add Contact Information/Customer_Management_Screen4.gspec",
              "lineNumber" : 147
            },
            "name" : "width 445px",
            "errors" : [ "\"Address_Line_1_Input\" width is 370px instead of 445px" ],
            "meta" : [ {
              "from" : {
                "object" : "Address_Line_1_Input",
                "edge" : "left"
              },
              "to" : {
                "object" : "Address_Line_1_Input",
                "edge" : "right"
              },
              "expectedDistance" : "445px",
              "realDistance" : "370px"
            } ],
            "highlight" : [ "Address_Line_1_Input" ]
          }, {
            "status" : "info",
            "place" : {
              "filePath" : "D:/PixelPerfect/VCM_backup/Customer Management Module/Retesting/Add Contact Information/Customer_Management_Screen4.gspec",
              "lineNumber" : 148
            },
            "name" : "height 50px",
            "meta" : [ {
              "from" : {
                "object" : "Address_Line_1_Input",
                "edge" : "top"
              },
              "to" : {
                "object" : "Address_Line_1_Input",
                "edge" : "bottom"
              },
              "expectedDistance" : "50px",
              "realDistance" : "50px"
            } ],
            "highlight" : [ "Address_Line_1_Input" ]
          }, {
            "status" : "error",
            "place" : {
              "filePath" : "D:/PixelPerfect/VCM_backup/Customer Management Module/Retesting/Add Contact Information/Customer_Management_Screen4.gspec",
              "lineNumber" : 149
            },
            "name" : "css border is \"1px solid rgb(210, 210, 210)\"",
            "errors" : [ "\"Address_Line_1_Input\" css property \"border\" is \"1px solid rgb(124, 155, 186)\" but should be \"1px solid rgb(210, 210, 210)\"" ],
            "highlight" : [ "Address_Line_1_Input" ]
          }, {
            "status" : "error",
            "place" : {
              "filePath" : "D:/PixelPerfect/VCM_backup/Customer Management Module/Retesting/Add Contact Information/Customer_Management_Screen4.gspec",
              "lineNumber" : 150
            },
            "name" : "below DPO_Icon 30px",
            "errors" : [ "\"Address_Line_1_Input\" is 42px below \"DPO_Icon\" instead of 30px" ],
            "meta" : [ {
              "from" : {
                "object" : "Address_Line_1_Input",
                "edge" : "top"
              },
              "to" : {
                "object" : "DPO_Icon",
                "edge" : "bottom"
              },
              "expectedDistance" : "30px",
              "realDistance" : "42px"
            } ],
            "highlight" : [ "Address_Line_1_Input", "DPO_Icon" ]
          }, {
            "status" : "error",
            "place" : {
              "filePath" : "D:/PixelPerfect/VCM_backup/Customer Management Module/Retesting/Add Contact Information/Customer_Management_Screen4.gspec",
              "lineNumber" : 151
            },
            "name" : "aligned vertically left US_Icon",
            "errors" : [ "\"US_Icon\" is not aligned vertically left with \"Address_Line_1_Input\". Offset is 4px" ],
            "highlight" : [ "Address_Line_1_Input", "US_Icon" ]
          } ]
        }, {
          "name" : "Address_Line_2_Text",
          "specs" : [ {
            "status" : "info",
            "place" : {
              "filePath" : "D:/PixelPerfect/VCM_backup/Customer Management Module/Retesting/Add Contact Information/Customer_Management_Screen4.gspec",
              "lineNumber" : 154
            },
            "name" : "text is \"Address Line 2\"",
            "highlight" : [ "Address_Line_2_Text" ]
          }, {
            "status" : "info",
            "place" : {
              "filePath" : "D:/PixelPerfect/VCM_backup/Customer Management Module/Retesting/Add Contact Information/Customer_Management_Screen4.gspec",
              "lineNumber" : 155
            },
            "name" : "aligned vertically left Address_Type_Text",
            "highlight" : [ "Address_Line_2_Text", "Address_Type_Text" ]
          } ]
        }, {
          "name" : "Address_Line_2_Optional_Text",
          "specs" : [ {
            "status" : "error",
            "place" : {
              "filePath" : "D:/PixelPerfect/VCM_backup/Customer Management Module/Retesting/Add Contact Information/Customer_Management_Screen4.gspec",
              "lineNumber" : 158
            },
            "name" : "visible",
            "errors" : [ "\"Address_Line_2_Optional_Text\" is absent on page" ],
            "highlight" : [ ]
          } ]
        }, {
          "name" : "Address_Line_2_Input",
          "specs" : [ {
            "status" : "info",
            "place" : {
              "filePath" : "D:/PixelPerfect/VCM_backup/Customer Management Module/Retesting/Add Contact Information/Customer_Management_Screen4.gspec",
              "lineNumber" : 171
            },
            "name" : "aligned vertically all Address_Line_1_Input",
            "highlight" : [ "Address_Line_2_Input", "Address_Line_1_Input" ]
          }, {
            "status" : "info",
            "place" : {
              "filePath" : "D:/PixelPerfect/VCM_backup/Customer Management Module/Retesting/Add Contact Information/Customer_Management_Screen4.gspec",
              "lineNumber" : 172
            },
            "name" : "below Address_Line_1_Input 30px",
            "meta" : [ {
              "from" : {
                "object" : "Address_Line_2_Input",
                "edge" : "top"
              },
              "to" : {
                "object" : "Address_Line_1_Input",
                "edge" : "bottom"
              },
              "expectedDistance" : "30px",
              "realDistance" : "30px"
            } ],
            "highlight" : [ "Address_Line_2_Input", "Address_Line_1_Input" ]
          } ]
        }, {
          "name" : "Zip_Code_Text",
          "specs" : [ {
            "status" : "error",
            "place" : {
              "filePath" : "D:/PixelPerfect/VCM_backup/Customer Management Module/Retesting/Add Contact Information/Customer_Management_Screen4.gspec",
              "lineNumber" : 175
            },
            "name" : "text is \"ZIP Code\"",
            "errors" : [ "\"Zip_Code_Text\" text is \"Zip Code\" but should be \"ZIP Code\"" ],
            "highlight" : [ "Zip_Code_Text" ]
          }, {
            "status" : "info",
            "place" : {
              "filePath" : "D:/PixelPerfect/VCM_backup/Customer Management Module/Retesting/Add Contact Information/Customer_Management_Screen4.gspec",
              "lineNumber" : 176
            },
            "name" : "aligned vertically left Address_Type_Text",
            "highlight" : [ "Zip_Code_Text", "Address_Type_Text" ]
          } ]
        }, {
          "name" : "Zip_Code_Input",
          "specs" : [ {
            "status" : "info",
            "place" : {
              "filePath" : "D:/PixelPerfect/VCM_backup/Customer Management Module/Retesting/Add Contact Information/Customer_Management_Screen4.gspec",
              "lineNumber" : 179
            },
            "name" : "aligned vertically all Address_Line_1_Input",
            "highlight" : [ "Zip_Code_Input", "Address_Line_1_Input" ]
          } ]
        }, {
          "name" : "City_Text",
          "specs" : [ {
            "status" : "info",
            "place" : {
              "filePath" : "D:/PixelPerfect/VCM_backup/Customer Management Module/Retesting/Add Contact Information/Customer_Management_Screen4.gspec",
              "lineNumber" : 182
            },
            "name" : "text is \"City\"",
            "highlight" : [ "City_Text" ]
          }, {
            "status" : "info",
            "place" : {
              "filePath" : "D:/PixelPerfect/VCM_backup/Customer Management Module/Retesting/Add Contact Information/Customer_Management_Screen4.gspec",
              "lineNumber" : 183
            },
            "name" : "aligned vertically left Address_Type_Text",
            "highlight" : [ "City_Text", "Address_Type_Text" ]
          } ]
        }, {
          "name" : "City_Input",
          "specs" : [ {
            "status" : "info",
            "place" : {
              "filePath" : "D:/PixelPerfect/VCM_backup/Customer Management Module/Retesting/Add Contact Information/Customer_Management_Screen4.gspec",
              "lineNumber" : 186
            },
            "name" : "css color is \"rgba(73, 73, 74, 1)\"",
            "highlight" : [ "City_Input" ]
          }, {
            "status" : "info",
            "place" : {
              "filePath" : "D:/PixelPerfect/VCM_backup/Customer Management Module/Retesting/Add Contact Information/Customer_Management_Screen4.gspec",
              "lineNumber" : 188
            },
            "name" : "css font-size is \"16px\"",
            "highlight" : [ "City_Input" ]
          }, {
            "status" : "info",
            "place" : {
              "filePath" : "D:/PixelPerfect/VCM_backup/Customer Management Module/Retesting/Add Contact Information/Customer_Management_Screen4.gspec",
              "lineNumber" : 189
            },
            "name" : "css font-family contains \"benton-sans\"",
            "highlight" : [ "City_Input" ]
          }, {
            "status" : "error",
            "place" : {
              "filePath" : "D:/PixelPerfect/VCM_backup/Customer Management Module/Retesting/Add Contact Information/Customer_Management_Screen4.gspec",
              "lineNumber" : 190
            },
            "name" : "css line-height is \"20px\"",
            "errors" : [ "\"City_Input\" css property \"line-height\" is \"24px\" but should be \"20px\"" ],
            "highlight" : [ "City_Input" ]
          }, {
            "status" : "error",
            "place" : {
              "filePath" : "D:/PixelPerfect/VCM_backup/Customer Management Module/Retesting/Add Contact Information/Customer_Management_Screen4.gspec",
              "lineNumber" : 191
            },
            "name" : "css font-weight is \"500\"",
            "errors" : [ "\"City_Input\" css property \"font-weight\" is \"400\" but should be \"500\"" ],
            "highlight" : [ "City_Input" ]
          }, {
            "status" : "error",
            "place" : {
              "filePath" : "D:/PixelPerfect/VCM_backup/Customer Management Module/Retesting/Add Contact Information/Customer_Management_Screen4.gspec",
              "lineNumber" : 193
            },
            "name" : "below Zip_Code_Input 40px",
            "errors" : [ "\"City_Input\" is 30px below \"Zip_Code_Input\" instead of 40px" ],
            "meta" : [ {
              "from" : {
                "object" : "City_Input",
                "edge" : "top"
              },
              "to" : {
                "object" : "Zip_Code_Input",
                "edge" : "bottom"
              },
              "expectedDistance" : "40px",
              "realDistance" : "30px"
            } ],
            "highlight" : [ "City_Input", "Zip_Code_Input" ]
          }, {
            "status" : "info",
            "place" : {
              "filePath" : "D:/PixelPerfect/VCM_backup/Customer Management Module/Retesting/Add Contact Information/Customer_Management_Screen4.gspec",
              "lineNumber" : 194
            },
            "name" : "aligned vertically left Address_Line_1_Input",
            "highlight" : [ "City_Input", "Address_Line_1_Input" ]
          } ]
        }, {
          "name" : "State_Text",
          "specs" : [ {
            "status" : "info",
            "place" : {
              "filePath" : "D:/PixelPerfect/VCM_backup/Customer Management Module/Retesting/Add Contact Information/Customer_Management_Screen4.gspec",
              "lineNumber" : 197
            },
            "name" : "text is \"State/Territory\"",
            "highlight" : [ "State_Text" ]
          }, {
            "status" : "info",
            "place" : {
              "filePath" : "D:/PixelPerfect/VCM_backup/Customer Management Module/Retesting/Add Contact Information/Customer_Management_Screen4.gspec",
              "lineNumber" : 198
            },
            "name" : "aligned vertically left Address_Type_Text",
            "highlight" : [ "State_Text", "Address_Type_Text" ]
          } ]
        }, {
          "name" : "State_Input",
          "specs" : [ {
            "status" : "info",
            "place" : {
              "filePath" : "D:/PixelPerfect/VCM_backup/Customer Management Module/Retesting/Add Contact Information/Customer_Management_Screen4.gspec",
              "lineNumber" : 201
            },
            "name" : "aligned vertically left City_Input",
            "highlight" : [ "State_Input", "City_Input" ]
          } ]
        }, {
          "name" : "Set_as_Mailing_address_Text",
          "specs" : [ {
            "status" : "info",
            "place" : {
              "filePath" : "D:/PixelPerfect/VCM_backup/Customer Management Module/Retesting/Add Contact Information/Customer_Management_Screen4.gspec",
              "lineNumber" : 204
            },
            "name" : "text is \"Set as Mailing Address\"",
            "highlight" : [ "Set_as_Mailing_address_Text" ]
          }, {
            "status" : "info",
            "place" : {
              "filePath" : "D:/PixelPerfect/VCM_backup/Customer Management Module/Retesting/Add Contact Information/Customer_Management_Screen4.gspec",
              "lineNumber" : 205
            },
            "name" : "aligned vertically left Address_Type_Text",
            "highlight" : [ "Set_as_Mailing_address_Text", "Address_Type_Text" ]
          } ]
        }, {
          "name" : "Set_as_Mailing_address_Input",
          "specs" : [ {
            "status" : "info",
            "place" : {
              "filePath" : "D:/PixelPerfect/VCM_backup/Customer Management Module/Retesting/Add Contact Information/Customer_Management_Screen4.gspec",
              "lineNumber" : 208
            },
            "name" : "width 50px",
            "meta" : [ {
              "from" : {
                "object" : "Set_as_Mailing_address_Input",
                "edge" : "left"
              },
              "to" : {
                "object" : "Set_as_Mailing_address_Input",
                "edge" : "right"
              },
              "expectedDistance" : "50px",
              "realDistance" : "50px"
            } ],
            "highlight" : [ "Set_as_Mailing_address_Input" ]
          }, {
            "status" : "info",
            "place" : {
              "filePath" : "D:/PixelPerfect/VCM_backup/Customer Management Module/Retesting/Add Contact Information/Customer_Management_Screen4.gspec",
              "lineNumber" : 209
            },
            "name" : "height 26px",
            "meta" : [ {
              "from" : {
                "object" : "Set_as_Mailing_address_Input",
                "edge" : "top"
              },
              "to" : {
                "object" : "Set_as_Mailing_address_Input",
                "edge" : "bottom"
              },
              "expectedDistance" : "26px",
              "realDistance" : "26px"
            } ],
            "highlight" : [ "Set_as_Mailing_address_Input" ]
          }, {
            "status" : "error",
            "place" : {
              "filePath" : "D:/PixelPerfect/VCM_backup/Customer Management Module/Retesting/Add Contact Information/Customer_Management_Screen4.gspec",
              "lineNumber" : 210
            },
            "name" : "aligned vertically left City_Input",
            "errors" : [ "\"City_Input\" is not aligned vertically left with \"Set_as_Mailing_address_Input\". Offset is 4px" ],
            "highlight" : [ "Set_as_Mailing_address_Input", "City_Input" ]
          } ]
        }, {
          "name" : "Set_as_Physical_address_Text",
          "specs" : [ {
            "status" : "info",
            "place" : {
              "filePath" : "D:/PixelPerfect/VCM_backup/Customer Management Module/Retesting/Add Contact Information/Customer_Management_Screen4.gspec",
              "lineNumber" : 214
            },
            "name" : "text is \"Set as Physical Address\"",
            "highlight" : [ "Set_as_Physical_address_Text" ]
          }, {
            "status" : "info",
            "place" : {
              "filePath" : "D:/PixelPerfect/VCM_backup/Customer Management Module/Retesting/Add Contact Information/Customer_Management_Screen4.gspec",
              "lineNumber" : 215
            },
            "name" : "aligned vertically left Address_Type_Text",
            "highlight" : [ "Set_as_Physical_address_Text", "Address_Type_Text" ]
          } ]
        }, {
          "name" : "Set_as_Physical_address_Input",
          "specs" : [ {
            "status" : "info",
            "place" : {
              "filePath" : "D:/PixelPerfect/VCM_backup/Customer Management Module/Retesting/Add Contact Information/Customer_Management_Screen4.gspec",
              "lineNumber" : 218
            },
            "name" : "aligned vertically all Set_as_Mailing_address_Input",
            "highlight" : [ "Set_as_Physical_address_Input", "Set_as_Mailing_address_Input" ]
          } ]
        }, {
          "name" : "For_Security_Reason_Wrapper",
          "specs" : [ {
            "status" : "info",
            "place" : {
              "filePath" : "D:/PixelPerfect/VCM_backup/Customer Management Module/Retesting/Add Contact Information/Customer_Management_Screen4.gspec",
              "lineNumber" : 222
            },
            "name" : "visible",
            "highlight" : [ "For_Security_Reason_Wrapper" ]
          } ]
        }, {
          "name" : "For_Security_Reason_Text",
          "specs" : [ {
            "status" : "error",
            "place" : {
              "filePath" : "D:/PixelPerfect/VCM_backup/Customer Management Module/Retesting/Add Contact Information/Customer_Management_Screen4.gspec",
              "lineNumber" : 228
            },
            "name" : "css color is \"rgba(73, 73, 74, 1)\"",
            "errors" : [ "\"For_Security_Reason_Text\" css property \"color\" is \"rgba(86, 86, 90, 1)\" but should be \"rgba(73, 73, 74, 1)\"" ],
            "highlight" : [ "For_Security_Reason_Text" ]
          }, {
            "status" : "info",
            "place" : {
              "filePath" : "D:/PixelPerfect/VCM_backup/Customer Management Module/Retesting/Add Contact Information/Customer_Management_Screen4.gspec",
              "lineNumber" : 230
            },
            "name" : "css font-size is \"16px\"",
            "highlight" : [ "For_Security_Reason_Text" ]
          }, {
            "status" : "info",
            "place" : {
              "filePath" : "D:/PixelPerfect/VCM_backup/Customer Management Module/Retesting/Add Contact Information/Customer_Management_Screen4.gspec",
              "lineNumber" : 231
            },
            "name" : "css font-family contains \"benton-sans\"",
            "highlight" : [ "For_Security_Reason_Text" ]
          }, {
            "status" : "info",
            "place" : {
              "filePath" : "D:/PixelPerfect/VCM_backup/Customer Management Module/Retesting/Add Contact Information/Customer_Management_Screen4.gspec",
              "lineNumber" : 232
            },
            "name" : "css line-height is \"22px\"",
            "highlight" : [ "For_Security_Reason_Text" ]
          }, {
            "status" : "error",
            "place" : {
              "filePath" : "D:/PixelPerfect/VCM_backup/Customer Management Module/Retesting/Add Contact Information/Customer_Management_Screen4.gspec",
              "lineNumber" : 233
            },
            "name" : "css font-weight is \"600\"",
            "errors" : [ "\"For_Security_Reason_Text\" css property \"font-weight\" is \"700\" but should be \"600\"" ],
            "highlight" : [ "For_Security_Reason_Text" ]
          }, {
            "status" : "info",
            "place" : {
              "filePath" : "D:/PixelPerfect/VCM_backup/Customer Management Module/Retesting/Add Contact Information/Customer_Management_Screen4.gspec",
              "lineNumber" : 234
            },
            "name" : "css text-align is \"left\"",
            "highlight" : [ "For_Security_Reason_Text" ]
          }, {
            "status" : "error",
            "place" : {
              "filePath" : "D:/PixelPerfect/VCM_backup/Customer Management Module/Retesting/Add Contact Information/Customer_Management_Screen4.gspec",
              "lineNumber" : 235
            },
            "name" : "text is \"For security reasons, not all the information can be updated online\"",
            "errors" : [ "\"For_Security_Reason_Text\" text is \"For security reasons, not all the information can be updated online.\" but should be \"For security reasons, not all the information can be updated online\"" ],
            "highlight" : [ "For_Security_Reason_Text" ]
          } ]
        }, {
          "name" : "Save_Button",
          "specs" : [ {
            "status" : "error",
            "place" : {
              "filePath" : "D:/PixelPerfect/VCM_backup/Customer Management Module/Retesting/Add Contact Information/Customer_Management_Screen4.gspec",
              "lineNumber" : 239
            },
            "name" : "visible",
            "errors" : [ "\"Save_Button\" is absent on page" ],
            "highlight" : [ ]
          } ]
        }, {
          "name" : "cancel_Button",
          "specs" : [ {
            "status" : "error",
            "place" : {
              "filePath" : "D:/PixelPerfect/VCM_backup/Customer Management Module/Retesting/Add Contact Information/Customer_Management_Screen4.gspec",
              "lineNumber" : 247
            },
            "name" : "absent",
            "errors" : [ "\"cancel_Button\" is not absent on page" ],
            "highlight" : [ "cancel_Button" ]
          } ]
        }, {
          "name" : "Save_icon",
          "specs" : [ {
            "status" : "error",
            "place" : {
              "filePath" : "D:/PixelPerfect/VCM_backup/Customer Management Module/Retesting/Add Contact Information/Customer_Management_Screen4.gspec",
              "lineNumber" : 247
            },
            "name" : "absent",
            "errors" : [ "\"Save_icon\" is not absent on page" ],
            "highlight" : [ "Save_icon" ]
          } ]
        } ]
      } ],
      "objects" : {
        "Set_as_Physical_address_Input" : {
          "area" : [ 494, 916, 50, 26 ]
        },
        "Profile_Breadcrum" : {
          "area" : [ 128, 119, 37, 16 ]
        },
        "Address_Line_1_Text" : {
          "area" : [ 128, 480, 370, 19 ]
        },
        "Set_as_Mailing_address_Input" : {
          "area" : [ 494, 865, 50, 26 ]
        },
        "Set_as_Physical_address_Text" : {
          "area" : [ 128, 916, 366, 24 ]
        },
        "Address_Type_Text" : {
          "area" : [ 128, 292, 366, 24 ]
        },
        "Address_Line_1_Input" : {
          "area" : [ 498, 465, 370, 50 ]
        },
        "City_Input" : {
          "area" : [ 498, 705, 370, 50 ]
        },
        "State_Input" : {
          "area" : [ 498, 785, 370, 50 ]
        },
        "Manage_Contact_Info_Breadcrum" : {
          "area" : [ 315, 119, 165, 16 ]
        },
        "Add_Contact_Info_Title" : {
          "area" : [ 128, 221, 365, 41 ]
        },
        "FPO_Icon" : {
          "area" : [ 494, 366, 20, 20 ]
        },
        "Address_Line_2_Input" : {
          "area" : [ 498, 545, 370, 50 ]
        },
        "Zip_Code_Input" : {
          "area" : [ 498, 625, 370, 50 ]
        },
        "For_Security_Reason_Wrapper" : {
          "area" : [ 128, 1047, 1110, 70 ]
        },
        "Edit_Contact_Info_Breadcrum" : {
          "area" : [ 504, 119, 142, 16 ]
        },
        "State_Text" : {
          "area" : [ 128, 793, 370, 33 ]
        },
        "US_Icon" : {
          "area" : [ 494, 292, 20, 20 ]
        },
        "Address_Line_2_Text" : {
          "area" : [ 128, 553, 370, 33 ]
        },
        "cancel_Button" : {
          "area" : [ 128, 967, 160, 50 ]
        },
        "Logo" : {
          "area" : [ 128, 14, 186, 74 ]
        },
        "All_Fields_are_Required_Text" : {
          "area" : [ 128, 177, 1110, 24 ]
        },
        "FPO_Text" : {
          "area" : [ 524, 366, 164, 21 ]
        },
        "APO_Icon" : {
          "area" : [ 494, 329, 20, 20 ]
        },
        "Zip_Code_Text" : {
          "area" : [ 128, 633, 370, 33 ]
        },
        "Header" : {
          "area" : [ 0, 0, 1366, 100 ]
        },
        "City_Text" : {
          "area" : [ 128, 713, 370, 33 ]
        },
        "US_Text" : {
          "area" : [ 524, 292, 153, 21 ]
        },
        "Basic_Info_Breadcrum" : {
          "area" : [ 189, 119, 102, 16 ]
        },
        "DPO_Text" : {
          "area" : [ 524, 403, 210, 21 ]
        },
        "For_Security_Reason_Text" : {
          "area" : [ 152, 1071, 1062, 22 ]
        },
        "DPO_Icon" : {
          "area" : [ 494, 403, 20, 20 ]
        },
        "APO_Text" : {
          "area" : [ 524, 329, 258, 21 ]
        },
        "Save_icon" : {
          "area" : [ 1168, 967, 69, 32 ]
        },
        "Set_as_Mailing_address_Text" : {
          "area" : [ 128, 865, 366, 24 ]
        }
      },
      "screenshot" : "layout-1-screenshot.png",
      "type" : "layout"
    } ]
  }
}